{
    "$schema" : "http://json-schema.org/draft-07/schema#",
    "title" : "Rate Schema",
    "type" : "object",
    "properties" : {
        "type" : {
            "type" : "string",
            "enum" : ["complete", "fastest", "lowest_price"]
        },
        "providers": {
            "type": "array",
            "items": {
               "type": "string",
               "enum" : ["fedex", "redpack", "ups"]
            }
        },
        "shipping": {
            "properties": {
                "type": {
                    "type": "string",
                    "enum": ["package", "document"]
                },
                "from": {
                   "type": "object",
                   "properties": {
                      "zip" : {
                         "type": "string"
                      },
                      "country" : {
                         "type": "string"
                      }
                   },
                   "required": ["zip", "country"]
                },
                "to": {
                   "type": "object",
                   "properties": {
                      "zip" : {
                         "type": "string"
                      },
                      "country" : {
                         "type": "string"
                      }
                   },
                   "required": ["zip", "country"]
                },
                "packages": {
                    "type": "array",
                    "items": {
                        "type": "object",
                        "properties": {
                            "weight": {
                                "type": ["string", "integer"]
                            },
                            "width" : {
                                "type": ["string", "integer"]
                            },
                            "length": {
                                "type": ["string", "integer"]
                            },
                            "height": {
                                "type": ["string", "integer"]
                            }
                        },
                        "required": ["weight", "width", "length", "height"]
                    }
                }   
            },
            "required": ["type", "from", "to", "packages"]
        }
    },
    "required": ["type", "providers", "shipping"]
}