{
    "$schema" : "http://json-schema.org/draft-07/schema#",
    "title" : "International Invoice Schema",
    "type" : "object",
    "properties" : {
      "shipping": {
        "type": "object",
        "properties": {
          "from": {
            "type": "object",
            "properties": {
              "name": {
                "type": "string"
              },
              "company": {
                "type": "string"
              },
              "phone": {
                "type": "string"
              },
              "email": {
                "type": "string"
              },
              "country": {
                "type": "object",
                "properties": {
                  "code": {
                    "type": "string"
                  },
                  "name": {
                    "type": "string"
                  }
                },
                "required": ["code", "name"]
              },
              "street": {
                "type": "string"
              },
              "number": {
                "type": "string"
              },
              "county": {
                "type": "string"
              },
              "city": {
                "type": "string"
              },
              "state": {
                "type": "string"
              },
              "zip": {
                "type": "string"
              },
              "reference": {
                "type": "string"
              }
            },
            "required": ["name", "company", "phone", "email", "country", "street", "number", "county", "city", "state", "zip", "reference"]
          },
          "to": {
            "type": "object",
            "properties": {
              "name": {
                "type": "string"
              },
              "company": {
                "type": "string"
              },
              "phone": {
                "type": "string"
              },
              "email": {
                "type": "string"
              },
              "country": {
                "type": "object",
                "properties": {
                  "code": {
                    "type": "string"
                  },
                  "name": {
                    "type": "string"
                  }
                },
                "required": ["code", "name"]
              },
              "street": {
                "type": "string"
              },
              "number": {
                "type": "string"
              },
              "county": {
                "type": "string"
              },
              "city": {
                "type": "string"
              },
              "state": {
                "type": "string"
              },
              "zip": {
                "type": "string"
              },
              "reference": {
                "type": "string"
              }
            },
            "required": ["name", "company", "phone", "email", "country", "street", "number", "county", "city", "state", "zip", "reference"]
          },
          "packages": {
            "type": "array",
            "items": {
              "type": "object",
              "properties": {
                "weight": {
                    "type": ["string", "integer"]
                },
                "width" : {
                    "type": ["string", "integer"]
                },
                "length": {
                    "type": ["string", "integer"]
                },
                "height": {
                    "type": ["string", "integer"]
                }
              },
              "required": ["weight", "width", "length", "height"]
            }
          },
          "content": {
            "type": "string"
          },
          "estimated_value": {
            "type": ["string", "integer"]
          }
        },
        "required": ["from", "to", "packages", "content", "estimated_value"]
      },
      "trackingNumber": {
        "type": ["string", "integer"]
      }
    },
    "required": ["shipping", "trackingNumber"]
}