{
	"$schema" : "http://json-schema.org/draft-07/schema#",
	"title" : "PickUp Schema",
	"type" : "object",
	"properties" : {
		"type": {
			"type": "string",
			"enum": ["fedex", "ups"]
		},
		"date": {
			"type": "string",
			"pattern": "^\\d{4}-\\d{2}-\\d{2}$"
		},
		"start": {
			"type": "string",
			"pattern": "^\\d{2}:\\d{2}$"
		},
		"end": {
			"type": "string",
			"pattern": "^\\d{2}:\\d{2}$"
		},
		"trackingNumber": {
			"type": ["string", "integer"]
		},
		"packages": {
			"type": "array",
			"items": {
				"type": "object",
				"properties": {
					"weight": {
						"type": ["string", "integer"]
					},
					"width": {
						"type": ["string", "integer"]
					},
					"height": {
						"type": ["string", "integer"]
					},
					"length": {
						"type": ["string", "integer"]
					}
				},
				"required": ["weight", "width", "length", "height"]
			}
		},
		"from": {
			"type": "object",
			"properties": {
				"name": {
					"type": "string"
				},
				"company": {
					"type": "string"
				},
				"phone": {
					"type": "string"
				},
				"email": {
					"type": "string"
				},
				"country": {
					"type": "object",
					"properties":{
						"code": {
							"type": "string"
						},
						"name": {
							"type": "string"
						}
					},
					"required": ["code", "name"]
				},
				"street": {
					"type": "string"
				},
				"number": {
					"type": "string"
				},
				"county": {
					"type": "string"
				},
				"city": {
					"type": "string"
				},
				"state": {
					"type": "string"
				},
				"zip": {
					"type": "string"
				},
				"reference": {
					"type": "string"
				}
			},
			"required": ["name", "company", "phone", "email", "country", "street", "number", "county", "city", "state", "zip"]
		},
		"to": {
			"type": "object",
			"properties": {
				"name": {
					"type": "string"
				},
				"company": {
					"type": "string"
				},
				"phone": {
					"type": "string"
				},
				"email": {
					"type": "string"
				},
				"country": {
					"type": "object",
					"properties":{
						"code": {
							"type": "string"
						},
						"name": {
							"type": "string"
						}
					},
					"required": ["code", "name"]
				},
				"street": {
					"type": "string"
				},
				"number": {
					"type": "string"
				},
				"county": {
					"type": "string"
				},
				"city": {
					"type": "string"
				},
				"state": {
					"type": "string"
				},
				"zip": {
					"type": "string"
				},
				"reference": {
					"type": "string"
				}
			},
			"required": ["name", "company", "phone", "email", "country", "street", "number", "county", "city", "state", "zip"]
		},
		"serviceCode": {
			"type": ["string", "integer"],
			"enum":[
				"1",
				"2",
				"11",
				"03",
				"12",
				"02",
				"59",
				"13",
				"01",
				"14",
				"07",
				"54",
				"08",
				"65",
				"FEDEX_EXPRESS_SAVER",
				"STANDARD_OVERNIGHT",
				"PRIORITY_OVERNIGHT",
				"INTERNATIONAL_PRIORITY",
				"INTERNATIONAL_FIRST",
				"INTERNATIONAL_ECONOMY",
				"FIRST_OVERNIGHT",
				"EUROPE_FIRST_INTERNATIONAL_PRIORITY",
				"FEDEX_CARGO_AIRPORT_TO_AIRPORT"
			]
		}
	},
	"required": ["type", "date", "start", "end", "trackingNumber", "packages", "from", "to", "serviceCode"]
}