{
"AGU":{
  "1": {
    "original": 210.31,
    "paquete": 205.05
  },
  "2": {
    "original": 236.41,
    "paquete": 230.5
  },
  "3": {
    "original": 262.51,
    "paquete": 255.95
  },
  "4": {
    "original": 288.61,
    "paquete": 281.39
  },
  "5": {
    "original": 314.71,
    "paquete": 306.84
  },
  "6": {
    "original": 340.81,
    "paquete": 332.29
  },
  "7": {
    "original": 366.91,
    "paquete": 357.74
  },
  "8": {
    "original": 393.01,
    "paquete": 383.18
  },
  "9": {
    "original": 419.11,
    "paquete": 408.63
  },
  "10": {
    "original": 445.21,
    "paquete": 434.08
  },
  "11": {
    "original": 471.31,
    "paquete": 459.53
  },
  "12": {
    "original": 497.41,
    "paquete": 484.97
  },
  "13": {
    "original": 523.51,
    "paquete": 510.42
  },
  "14": {
    "original": 549.61,
    "paquete": 535.87
  },
  "15": {
    "original": 575.71,
    "paquete": 561.32
  },
  "16": {
    "original": 601.81,
    "paquete": 586.76
  },
  "17": {
    "original": 627.91,
    "paquete": 612.21
  },
  "18": {
    "original": 654.01,
    "paquete": 637.66
  },
  "19": {
    "original": 680.11,
    "paquete": 663.11
  },
  "20": {
    "original": 706.21,
    "paquete": 688.55
  },
  "21": {
    "original": 732.31,
    "paquete": 714
  },
  "22": {
    "original": 758.41,
    "paquete": 739.45
  },
  "23": {
    "original": 784.51,
    "paquete": 764.9
  },
  "24": {
    "original": 810.61,
    "paquete": 790.34
  },
  "25": {
    "original": 836.71,
    "paquete": 815.79
  },
  "26": {
    "original": 862.81,
    "paquete": 841.24
  },
  "27": {
    "original": 888.91,
    "paquete": 866.69
  },
  "28": {
    "original": 915.01,
    "paquete": 892.13
  },
  "29": {
    "original": 941.11,
    "paquete": 917.58
  },
  "30": {
    "original": 967.21,
    "paquete": 943.03
  },
  "31": {
    "original": 993.31,
    "paquete": 968.48
  },
  "32": {
    "original": 1019.41,
    "paquete": 993.92
  },
  "33": {
    "original": 1045.51,
    "paquete": 1019.37
  },
  "34": {
    "original": 1071.61,
    "paquete": 1044.82
  },
  "35": {
    "original": 1097.71,
    "paquete": 1070.27
  }
},
"BCS":{
  "1": {
    "original": 210.31,
    "paquete": 205.05
  },
  "2": {
    "original": 293.81,
    "paquete": 286.46
  },
  "3": {
    "original": 377.31,
    "paquete": 367.88
  },
  "4": {
    "original": 460.81,
    "paquete": 449.29
  },
  "5": {
    "original": 544.31,
    "paquete": 530.7
  },
  "6": {
    "original": 627.81,
    "paquete": 612.11
  },
  "7": {
    "original": 711.31,
    "paquete": 693.53
  },
  "8": {
    "original": 794.81,
    "paquete": 774.94
  },
  "9": {
    "original": 878.31,
    "paquete": 856.35
  },
  "10": {
    "original": 961.81,
    "paquete": 937.76
  },
  "11": {
    "original": 1045.31,
    "paquete": 1019.18
  },
  "12": {
    "original": 1128.81,
    "paquete": 1100.59
  },
  "13": {
    "original": 1212.31,
    "paquete": 1182
  },
  "14": {
    "original": 1295.81,
    "paquete": 1263.41
  },
  "15": {
    "original": 1379.31,
    "paquete": 1344.83
  },
  "16": {
    "original": 1462.81,
    "paquete": 1426.24
  },
  "17": {
    "original": 1546.31,
    "paquete": 1507.65
  },
  "18": {
    "original": 1629.81,
    "paquete": 1589.06
  },
  "19": {
    "original": 1713.31,
    "paquete": 1670.48
  },
  "20": {
    "original": 1796.81,
    "paquete": 1751.89
  },
  "21": {
    "original": 1880.31,
    "paquete": 1833.3
  },
  "22": {
    "original": 1963.81,
    "paquete": 1914.71
  },
  "23": {
    "original": 2047.31,
    "paquete": 1996.13
  },
  "24": {
    "original": 2130.81,
    "paquete": 2077.54
  },
  "25": {
    "original": 2214.31,
    "paquete": 2158.95
  },
  "26": {
    "original": 2297.81,
    "paquete": 2240.36
  },
  "27": {
    "original": 2381.31,
    "paquete": 2321.78
  },
  "28": {
    "original": 2464.81,
    "paquete": 2403.19
  },
  "29": {
    "original": 2548.31,
    "paquete": 2484.6
  },
  "30": {
    "original": 2631.81,
    "paquete": 2566.01
  },
  "31": {
    "original": 2715.31,
    "paquete": 2647.43
  },
  "32": {
    "original": 2798.81,
    "paquete": 2728.84
  },
  "33": {
    "original": 2882.31,
    "paquete": 2810.25
  },
  "34": {
    "original": 2965.81,
    "paquete": 2891.66
  },
  "35": {
    "original": 3049.31,
    "paquete": 2973.08
  },
  "36": {
    "original": 3132.81,
    "paquete": 3054.49
  },
  "37": {
    "original": 3216.31,
    "paquete": 3135.9
  },
  "38": {
    "original": 3299.81,
    "paquete": 3217.31
  },
  "39": {
    "original": 3383.31,
    "paquete": 3298.73
  },
  "40": {
    "original": 3466.81,
    "paquete": 3380.14
  },
  "41": {
    "original": 3550.31,
    "paquete": 3461.55
  },
  "42": {
    "original": 3633.81,
    "paquete": 3542.96
  },
  "43": {
    "original": 3717.31,
    "paquete": 3624.38
  },
  "44": {
    "original": 3800.81,
    "paquete": 3705.79
  },
  "45": {
    "original": 3884.31,
    "paquete": 3787.2
  },
  "46": {
    "original": 3967.81,
    "paquete": 3868.61
  },
  "47": {
    "original": 4051.31,
    "paquete": 3950.03
  },
  "48": {
    "original": 4134.81,
    "paquete": 4031.44
  },
  "49": {
    "original": 4218.31,
    "paquete": 4112.85
  },
  "50": {
    "original": 4301.81,
    "paquete": 4194.26
  }
},
"BCN":{
  "1": {
    "original": 210.31,
    "paquete": 205.05
  },
  "2": {
    "original": 293.81,
    "paquete": 286.46
  },
  "3": {
    "original": 377.31,
    "paquete": 367.88
  },
  "4": {
    "original": 460.81,
    "paquete": 449.29
  },
  "5": {
    "original": 544.31,
    "paquete": 530.7
  },
  "6": {
    "original": 627.81,
    "paquete": 612.11
  },
  "7": {
    "original": 711.31,
    "paquete": 693.53
  },
  "8": {
    "original": 794.81,
    "paquete": 774.94
  },
  "9": {
    "original": 878.31,
    "paquete": 856.35
  },
  "10": {
    "original": 961.81,
    "paquete": 937.76
  },
  "11": {
    "original": 1045.31,
    "paquete": 1019.18
  },
  "12": {
    "original": 1128.81,
    "paquete": 1100.59
  },
  "13": {
    "original": 1212.31,
    "paquete": 1182
  },
  "14": {
    "original": 1295.81,
    "paquete": 1263.41
  },
  "15": {
    "original": 1379.31,
    "paquete": 1344.83
  },
  "16": {
    "original": 1462.81,
    "paquete": 1426.24
  },
  "17": {
    "original": 1546.31,
    "paquete": 1507.65
  },
  "18": {
    "original": 1629.81,
    "paquete": 1589.06
  },
  "19": {
    "original": 1713.31,
    "paquete": 1670.48
  },
  "20": {
    "original": 1796.81,
    "paquete": 1751.89
  },
  "21": {
    "original": 1880.31,
    "paquete": 1833.3
  },
  "22": {
    "original": 1963.81,
    "paquete": 1914.71
  },
  "23": {
    "original": 2047.31,
    "paquete": 1996.13
  },
  "24": {
    "original": 2130.81,
    "paquete": 2077.54
  },
  "25": {
    "original": 2214.31,
    "paquete": 2158.95
  },
  "26": {
    "original": 2297.81,
    "paquete": 2240.36
  },
  "27": {
    "original": 2381.31,
    "paquete": 2321.78
  },
  "28": {
    "original": 2464.81,
    "paquete": 2403.19
  },
  "29": {
    "original": 2548.31,
    "paquete": 2484.6
  },
  "30": {
    "original": 2631.81,
    "paquete": 2566.01
  },
  "31": {
    "original": 2715.31,
    "paquete": 2647.43
  },
  "32": {
    "original": 2798.81,
    "paquete": 2728.84
  },
  "33": {
    "original": 2882.31,
    "paquete": 2810.25
  },
  "34": {
    "original": 2965.81,
    "paquete": 2891.66
  },
  "35": {
    "original": 3049.31,
    "paquete": 2973.08
  },
  "36": {
    "original": 3132.81,
    "paquete": 3054.49
  },
  "37": {
    "original": 3216.31,
    "paquete": 3135.9
  },
  "38": {
    "original": 3299.81,
    "paquete": 3217.31
  },
  "39": {
    "original": 3383.31,
    "paquete": 3298.73
  },
  "40": {
    "original": 3466.81,
    "paquete": 3380.14
  },
  "41": {
    "original": 3550.31,
    "paquete": 3461.55
  },
  "42": {
    "original": 3633.81,
    "paquete": 3542.96
  },
  "43": {
    "original": 3717.31,
    "paquete": 3624.38
  },
  "44": {
    "original": 3800.81,
    "paquete": 3705.79
  },
  "45": {
    "original": 3884.31,
    "paquete": 3787.2
  },
  "46": {
    "original": 3967.81,
    "paquete": 3868.61
  },
  "47": {
    "original": 4051.31,
    "paquete": 3950.03
  },
  "48": {
    "original": 4134.81,
    "paquete": 4031.44
  },
  "49": {
    "original": 4218.31,
    "paquete": 4112.85
  },
  "50": {
    "original": 4301.81,
    "paquete": 4194.26
  }
},
"CAM":{
  "1": {
    "original": 210.31,
    "paquete": 205.05
  },
  "2": {
    "original": 293.81,
    "paquete": 286.46
  },
  "3": {
    "original": 377.31,
    "paquete": 367.88
  },
  "4": {
    "original": 460.81,
    "paquete": 449.29
  },
  "5": {
    "original": 544.31,
    "paquete": 530.7
  },
  "6": {
    "original": 627.81,
    "paquete": 612.11
  },
  "7": {
    "original": 711.31,
    "paquete": 693.53
  },
  "8": {
    "original": 794.81,
    "paquete": 774.94
  },
  "9": {
    "original": 878.31,
    "paquete": 856.35
  },
  "10": {
    "original": 961.81,
    "paquete": 937.76
  },
  "11": {
    "original": 1045.31,
    "paquete": 1019.18
  },
  "12": {
    "original": 1128.81,
    "paquete": 1100.59
  },
  "13": {
    "original": 1212.31,
    "paquete": 1182
  },
  "14": {
    "original": 1295.81,
    "paquete": 1263.41
  },
  "15": {
    "original": 1379.31,
    "paquete": 1344.83
  },
  "16": {
    "original": 1462.81,
    "paquete": 1426.24
  },
  "17": {
    "original": 1546.31,
    "paquete": 1507.65
  },
  "18": {
    "original": 1629.81,
    "paquete": 1589.06
  },
  "19": {
    "original": 1713.31,
    "paquete": 1670.48
  },
  "20": {
    "original": 1796.81,
    "paquete": 1751.89
  },
  "21": {
    "original": 1880.31,
    "paquete": 1833.3
  },
  "22": {
    "original": 1963.81,
    "paquete": 1914.71
  },
  "23": {
    "original": 2047.31,
    "paquete": 1996.13
  },
  "24": {
    "original": 2130.81,
    "paquete": 2077.54
  },
  "25": {
    "original": 2214.31,
    "paquete": 2158.95
  },
  "26": {
    "original": 2297.81,
    "paquete": 2240.36
  },
  "27": {
    "original": 2381.31,
    "paquete": 2321.78
  },
  "28": {
    "original": 2464.81,
    "paquete": 2403.19
  },
  "29": {
    "original": 2548.31,
    "paquete": 2484.6
  },
  "30": {
    "original": 2631.81,
    "paquete": 2566.01
  },
  "31": {
    "original": 2715.31,
    "paquete": 2647.43
  },
  "32": {
    "original": 2798.81,
    "paquete": 2728.84
  },
  "33": {
    "original": 2882.31,
    "paquete": 2810.25
  },
  "34": {
    "original": 2965.81,
    "paquete": 2891.66
  },
  "35": {
    "original": 3049.31,
    "paquete": 2973.08
  },
  "36": {
    "original": 3132.81,
    "paquete": 3054.49
  },
  "37": {
    "original": 3216.31,
    "paquete": 3135.9
  },
  "38": {
    "original": 3299.81,
    "paquete": 3217.31
  },
  "39": {
    "original": 3383.31,
    "paquete": 3298.73
  },
  "40": {
    "original": 3466.81,
    "paquete": 3380.14
  },
  "41": {
    "original": 3550.31,
    "paquete": 3461.55
  },
  "42": {
    "original": 3633.81,
    "paquete": 3542.96
  },
  "43": {
    "original": 3717.31,
    "paquete": 3624.38
  },
  "44": {
    "original": 3800.81,
    "paquete": 3705.79
  },
  "45": {
    "original": 3884.31,
    "paquete": 3787.2
  },
  "46": {
    "original": 3967.81,
    "paquete": 3868.61
  },
  "47": {
    "original": 4051.31,
    "paquete": 3950.03
  },
  "48": {
    "original": 4134.81,
    "paquete": 4031.44
  },
  "49": {
    "original": 4218.31,
    "paquete": 4112.85
  },
  "50": {
    "original": 4301.81,
    "paquete": 4194.26
  }
},
"CHP":{
  "1": {
    "original": 210.31,
    "paquete": 205.05
  },
  "2": {
    "original": 242.66,
    "paquete": 236.59
  },
  "3": {
    "original": 275.01,
    "paquete": 268.13
  },
  "4": {
    "original": 307.36,
    "paquete": 299.68
  },
  "5": {
    "original": 339.71,
    "paquete": 331.22
  },
  "6": {
    "original": 372.06,
    "paquete": 362.76
  },
  "7": {
    "original": 404.41,
    "paquete": 394.3
  },
  "8": {
    "original": 436.76,
    "paquete": 425.84
  },
  "9": {
    "original": 469.11,
    "paquete": 457.38
  },
  "10": {
    "original": 501.46,
    "paquete": 488.92
  },
  "11": {
    "original": 533.81,
    "paquete": 520.46
  },
  "12": {
    "original": 566.16,
    "paquete": 552.01
  },
  "13": {
    "original": 598.51,
    "paquete": 583.55
  },
  "14": {
    "original": 630.86,
    "paquete": 615.09
  },
  "15": {
    "original": 663.21,
    "paquete": 646.63
  },
  "16": {
    "original": 695.56,
    "paquete": 678.17
  },
  "17": {
    "original": 727.91,
    "paquete": 709.71
  },
  "18": {
    "original": 760.26,
    "paquete": 741.25
  },
  "19": {
    "original": 792.61,
    "paquete": 772.79
  },
  "20": {
    "original": 824.96,
    "paquete": 804.34
  },
  "21": {
    "original": 857.31,
    "paquete": 835.88
  },
  "22": {
    "original": 889.66,
    "paquete": 867.42
  },
  "23": {
    "original": 922.01,
    "paquete": 898.96
  },
  "24": {
    "original": 954.36,
    "paquete": 930.5
  },
  "25": {
    "original": 986.71,
    "paquete": 962.04
  },
  "26": {
    "original": 1019.06,
    "paquete": 993.58
  },
  "27": {
    "original": 1051.41,
    "paquete": 1025.12
  },
  "28": {
    "original": 1083.76,
    "paquete": 1056.67
  },
  "29": {
    "original": 1116.11,
    "paquete": 1088.21
  },
  "30": {
    "original": 1148.46,
    "paquete": 1119.75
  },
  "31": {
    "original": 1180.81,
    "paquete": 1151.29
  },
  "32": {
    "original": 1213.16,
    "paquete": 1182.83
  },
  "33": {
    "original": 1245.51,
    "paquete": 1214.37
  },
  "34": {
    "original": 1277.86,
    "paquete": 1245.91
  },
  "35": {
    "original": 1310.21,
    "paquete": 1277.45
  },
  "36": {
    "original": 1342.56,
    "paquete": 1309
  },
  "37": {
    "original": 1374.91,
    "paquete": 1340.54
  },
  "38": {
    "original": 1407.26,
    "paquete": 1372.08
  },
  "39": {
    "original": 1439.61,
    "paquete": 1403.62
  },
  "40": {
    "original": 1471.96,
    "paquete": 1435.16
  },
  "41": {
    "original": 1504.31,
    "paquete": 1466.7
  },
  "42": {
    "original": 1536.66,
    "paquete": 1498.24
  },
  "43": {
    "original": 1569.01,
    "paquete": 1529.78
  },
  "44": {
    "original": 1601.36,
    "paquete": 1561.33
  },
  "45": {
    "original": 1633.71,
    "paquete": 1592.87
  },
  "46": {
    "original": 1666.06,
    "paquete": 1624.41
  },
  "47": {
    "original": 1698.41,
    "paquete": 1655.95
  },
  "48": {
    "original": 1730.76,
    "paquete": 1687.49
  },
  "49": {
    "original": 1763.11,
    "paquete": 1719.03
  },
  "50": {
    "original": 1795.46,
    "paquete": 1750.57
  }
},
"CHH":{
  "1": {
    "original": 210.31,
    "paquete": 205.05
  },
  "2": {
    "original": 279.21,
    "paquete": 272.23
  },
  "3": {
    "original": 348.11,
    "paquete": 339.41
  },
  "4": {
    "original": 417.01,
    "paquete": 406.58
  },
  "5": {
    "original": 485.91,
    "paquete": 473.76
  },
  "6": {
    "original": 554.81,
    "paquete": 540.94
  },
  "7": {
    "original": 623.71,
    "paquete": 608.12
  },
  "8": {
    "original": 692.61,
    "paquete": 675.29
  },
  "9": {
    "original": 761.51,
    "paquete": 742.47
  },
  "10": {
    "original": 830.41,
    "paquete": 809.65
  },
  "11": {
    "original": 899.31,
    "paquete": 876.83
  },
  "12": {
    "original": 968.21,
    "paquete": 944
  },
  "13": {
    "original": 1037.11,
    "paquete": 1011.18
  },
  "14": {
    "original": 1106.01,
    "paquete": 1078.36
  },
  "15": {
    "original": 1174.91,
    "paquete": 1145.54
  },
  "16": {
    "original": 1243.81,
    "paquete": 1212.71
  },
  "17": {
    "original": 1312.71,
    "paquete": 1279.89
  },
  "18": {
    "original": 1381.61,
    "paquete": 1347.07
  },
  "19": {
    "original": 1450.51,
    "paquete": 1414.25
  },
  "20": {
    "original": 1519.41,
    "paquete": 1481.42
  },
  "21": {
    "original": 1588.31,
    "paquete": 1548.6
  },
  "22": {
    "original": 1657.21,
    "paquete": 1615.78
  },
  "23": {
    "original": 1726.11,
    "paquete": 1682.96
  },
  "24": {
    "original": 1795.01,
    "paquete": 1750.13
  },
  "25": {
    "original": 1863.91,
    "paquete": 1817.31
  },
  "26": {
    "original": 1932.81,
    "paquete": 1884.49
  },
  "27": {
    "original": 2001.71,
    "paquete": 1951.67
  },
  "28": {
    "original": 2070.61,
    "paquete": 2018.84
  },
  "29": {
    "original": 2139.51,
    "paquete": 2086.02
  },
  "30": {
    "original": 2208.41,
    "paquete": 2153.2
  },
  "31": {
    "original": 2277.31,
    "paquete": 2220.38
  },
  "32": {
    "original": 2346.21,
    "paquete": 2287.55
  },
  "33": {
    "original": 2415.11,
    "paquete": 2354.73
  },
  "34": {
    "original": 2484.01,
    "paquete": 2421.91
  },
  "35": {
    "original": 2552.91,
    "paquete": 2489.09
  },
  "36": {
    "original": 2621.81,
    "paquete": 2556.26
  },
  "37": {
    "original": 2690.71,
    "paquete": 2623.44
  },
  "38": {
    "original": 2759.61,
    "paquete": 2690.62
  },
  "39": {
    "original": 2828.51,
    "paquete": 2757.8
  },
  "40": {
    "original": 2897.41,
    "paquete": 2824.97
  },
  "41": {
    "original": 2966.31,
    "paquete": 2892.15
  },
  "42": {
    "original": 3035.21,
    "paquete": 2959.33
  },
  "43": {
    "original": 3104.11,
    "paquete": 3026.51
  },
  "44": {
    "original": 3173.01,
    "paquete": 3093.68
  },
  "45": {
    "original": 3241.91,
    "paquete": 3160.86
  },
  "46": {
    "original": 3310.81,
    "paquete": 3228.04
  },
  "47": {
    "original": 3379.71,
    "paquete": 3295.22
  },
  "48": {
    "original": 3448.61,
    "paquete": 3362.39
  },
  "49": {
    "original": 3517.51,
    "paquete": 3429.57
  },
  "50": {
    "original": 3586.41,
    "paquete": 3496.75
  }
},
"COA":{
  "1": {
    "original": 210.31,
    "paquete": 205.05
  },
  "2": {
    "original": 242.66,
    "paquete": 236.59
  },
  "3": {
    "original": 275.01,
    "paquete": 268.13
  },
  "4": {
    "original": 307.36,
    "paquete": 299.68
  },
  "5": {
    "original": 339.71,
    "paquete": 331.22
  },
  "6": {
    "original": 372.06,
    "paquete": 362.76
  },
  "7": {
    "original": 404.41,
    "paquete": 394.3
  },
  "8": {
    "original": 436.76,
    "paquete": 425.84
  },
  "9": {
    "original": 469.11,
    "paquete": 457.38
  },
  "10": {
    "original": 501.46,
    "paquete": 488.92
  },
  "11": {
    "original": 533.81,
    "paquete": 520.46
  },
  "12": {
    "original": 566.16,
    "paquete": 552.01
  },
  "13": {
    "original": 598.51,
    "paquete": 583.55
  },
  "14": {
    "original": 630.86,
    "paquete": 615.09
  },
  "15": {
    "original": 663.21,
    "paquete": 646.63
  },
  "16": {
    "original": 695.56,
    "paquete": 678.17
  },
  "17": {
    "original": 727.91,
    "paquete": 709.71
  },
  "18": {
    "original": 760.26,
    "paquete": 741.25
  },
  "19": {
    "original": 792.61,
    "paquete": 772.79
  },
  "20": {
    "original": 824.96,
    "paquete": 804.34
  },
  "21": {
    "original": 857.31,
    "paquete": 835.88
  },
  "22": {
    "original": 889.66,
    "paquete": 867.42
  },
  "23": {
    "original": 922.01,
    "paquete": 898.96
  },
  "24": {
    "original": 954.36,
    "paquete": 930.5
  },
  "25": {
    "original": 986.71,
    "paquete": 962.04
  },
  "26": {
    "original": 1019.06,
    "paquete": 993.58
  },
  "27": {
    "original": 1051.41,
    "paquete": 1025.12
  },
  "28": {
    "original": 1083.76,
    "paquete": 1056.67
  },
  "29": {
    "original": 1116.11,
    "paquete": 1088.21
  },
  "30": {
    "original": 1148.46,
    "paquete": 1119.75
  },
  "31": {
    "original": 1180.81,
    "paquete": 1151.29
  },
  "32": {
    "original": 1213.16,
    "paquete": 1182.83
  },
  "33": {
    "original": 1245.51,
    "paquete": 1214.37
  },
  "34": {
    "original": 1277.86,
    "paquete": 1245.91
  },
  "35": {
    "original": 1310.21,
    "paquete": 1277.45
  },
  "36": {
    "original": 1342.56,
    "paquete": 1309
  },
  "37": {
    "original": 1374.91,
    "paquete": 1340.54
  },
  "38": {
    "original": 1407.26,
    "paquete": 1372.08
  },
  "39": {
    "original": 1439.61,
    "paquete": 1403.62
  },
  "40": {
    "original": 1471.96,
    "paquete": 1435.16
  },
  "41": {
    "original": 1504.31,
    "paquete": 1466.7
  },
  "42": {
    "original": 1536.66,
    "paquete": 1498.24
  },
  "43": {
    "original": 1569.01,
    "paquete": 1529.78
  },
  "44": {
    "original": 1601.36,
    "paquete": 1561.33
  },
  "45": {
    "original": 1633.71,
    "paquete": 1592.87
  },
  "46": {
    "original": 1666.06,
    "paquete": 1624.41
  },
  "47": {
    "original": 1698.41,
    "paquete": 1655.95
  },
  "48": {
    "original": 1730.76,
    "paquete": 1687.49
  },
  "49": {
    "original": 1763.11,
    "paquete": 1719.03
  },
  "50": {
    "original": 1795.46,
    "paquete": 1750.57
  }
},
"COL":{
  "1": {
    "original": 210.31,
    "paquete": 205.05
  },
  "2": {
    "original": 242.66,
    "paquete": 236.59
  },
  "3": {
    "original": 275.01,
    "paquete": 268.13
  },
  "4": {
    "original": 307.36,
    "paquete": 299.68
  },
  "5": {
    "original": 339.71,
    "paquete": 331.22
  },
  "6": {
    "original": 372.06,
    "paquete": 362.76
  },
  "7": {
    "original": 404.41,
    "paquete": 394.3
  },
  "8": {
    "original": 436.76,
    "paquete": 425.84
  },
  "9": {
    "original": 469.11,
    "paquete": 457.38
  },
  "10": {
    "original": 501.46,
    "paquete": 488.92
  },
  "11": {
    "original": 533.81,
    "paquete": 520.46
  },
  "12": {
    "original": 566.16,
    "paquete": 552.01
  },
  "13": {
    "original": 598.51,
    "paquete": 583.55
  },
  "14": {
    "original": 630.86,
    "paquete": 615.09
  },
  "15": {
    "original": 663.21,
    "paquete": 646.63
  },
  "16": {
    "original": 695.56,
    "paquete": 678.17
  },
  "17": {
    "original": 727.91,
    "paquete": 709.71
  },
  "18": {
    "original": 760.26,
    "paquete": 741.25
  },
  "19": {
    "original": 792.61,
    "paquete": 772.79
  },
  "20": {
    "original": 824.96,
    "paquete": 804.34
  },
  "21": {
    "original": 857.31,
    "paquete": 835.88
  },
  "22": {
    "original": 889.66,
    "paquete": 867.42
  },
  "23": {
    "original": 922.01,
    "paquete": 898.96
  },
  "24": {
    "original": 954.36,
    "paquete": 930.5
  },
  "25": {
    "original": 986.71,
    "paquete": 962.04
  },
  "26": {
    "original": 1019.06,
    "paquete": 993.58
  },
  "27": {
    "original": 1051.41,
    "paquete": 1025.12
  },
  "28": {
    "original": 1083.76,
    "paquete": 1056.67
  },
  "29": {
    "original": 1116.11,
    "paquete": 1088.21
  },
  "30": {
    "original": 1148.46,
    "paquete": 1119.75
  },
  "31": {
    "original": 1180.81,
    "paquete": 1151.29
  },
  "32": {
    "original": 1213.16,
    "paquete": 1182.83
  },
  "33": {
    "original": 1245.51,
    "paquete": 1214.37
  },
  "34": {
    "original": 1277.86,
    "paquete": 1245.91
  },
  "35": {
    "original": 1310.21,
    "paquete": 1277.45
  },
  "36": {
    "original": 1342.56,
    "paquete": 1309
  },
  "37": {
    "original": 1374.91,
    "paquete": 1340.54
  },
  "38": {
    "original": 1407.26,
    "paquete": 1372.08
  },
  "39": {
    "original": 1439.61,
    "paquete": 1403.62
  },
  "40": {
    "original": 1471.96,
    "paquete": 1435.16
  },
  "41": {
    "original": 1504.31,
    "paquete": 1466.7
  },
  "42": {
    "original": 1536.66,
    "paquete": 1498.24
  },
  "43": {
    "original": 1569.01,
    "paquete": 1529.78
  },
  "44": {
    "original": 1601.36,
    "paquete": 1561.33
  },
  "45": {
    "original": 1633.71,
    "paquete": 1592.87
  },
  "46": {
    "original": 1666.06,
    "paquete": 1624.41
  },
  "47": {
    "original": 1698.41,
    "paquete": 1655.95
  },
  "48": {
    "original": 1730.76,
    "paquete": 1687.49
  },
  "49": {
    "original": 1763.11,
    "paquete": 1719.03
  },
  "50": {
    "original": 1795.46,
    "paquete": 1750.57
  }
},
"DUR":{
  "1": {
    "original": 210.31,
    "paquete": 205.05
  },
  "2": {
    "original": 242.66,
    "paquete": 236.59
  },
  "3": {
    "original": 275.01,
    "paquete": 268.13
  },
  "4": {
    "original": 307.36,
    "paquete": 299.68
  },
  "5": {
    "original": 339.71,
    "paquete": 331.22
  },
  "6": {
    "original": 372.06,
    "paquete": 362.76
  },
  "7": {
    "original": 404.41,
    "paquete": 394.3
  },
  "8": {
    "original": 436.76,
    "paquete": 425.84
  },
  "9": {
    "original": 469.11,
    "paquete": 457.38
  },
  "10": {
    "original": 501.46,
    "paquete": 488.92
  },
  "11": {
    "original": 533.81,
    "paquete": 520.46
  },
  "12": {
    "original": 566.16,
    "paquete": 552.01
  },
  "13": {
    "original": 598.51,
    "paquete": 583.55
  },
  "14": {
    "original": 630.86,
    "paquete": 615.09
  },
  "15": {
    "original": 663.21,
    "paquete": 646.63
  },
  "16": {
    "original": 695.56,
    "paquete": 678.17
  },
  "17": {
    "original": 727.91,
    "paquete": 709.71
  },
  "18": {
    "original": 760.26,
    "paquete": 741.25
  },
  "19": {
    "original": 792.61,
    "paquete": 772.79
  },
  "20": {
    "original": 824.96,
    "paquete": 804.34
  },
  "21": {
    "original": 857.31,
    "paquete": 835.88
  },
  "22": {
    "original": 889.66,
    "paquete": 867.42
  },
  "23": {
    "original": 922.01,
    "paquete": 898.96
  },
  "24": {
    "original": 954.36,
    "paquete": 930.5
  },
  "25": {
    "original": 986.71,
    "paquete": 962.04
  },
  "26": {
    "original": 1019.06,
    "paquete": 993.58
  },
  "27": {
    "original": 1051.41,
    "paquete": 1025.12
  },
  "28": {
    "original": 1083.76,
    "paquete": 1056.67
  },
  "29": {
    "original": 1116.11,
    "paquete": 1088.21
  },
  "30": {
    "original": 1148.46,
    "paquete": 1119.75
  },
  "31": {
    "original": 1180.81,
    "paquete": 1151.29
  },
  "32": {
    "original": 1213.16,
    "paquete": 1182.83
  },
  "33": {
    "original": 1245.51,
    "paquete": 1214.37
  },
  "34": {
    "original": 1277.86,
    "paquete": 1245.91
  },
  "35": {
    "original": 1310.21,
    "paquete": 1277.45
  },
  "36": {
    "original": 1342.56,
    "paquete": 1309
  },
  "37": {
    "original": 1374.91,
    "paquete": 1340.54
  },
  "38": {
    "original": 1407.26,
    "paquete": 1372.08
  },
  "39": {
    "original": 1439.61,
    "paquete": 1403.62
  },
  "40": {
    "original": 1471.96,
    "paquete": 1435.16
  },
  "41": {
    "original": 1504.31,
    "paquete": 1466.7
  },
  "42": {
    "original": 1536.66,
    "paquete": 1498.24
  },
  "43": {
    "original": 1569.01,
    "paquete": 1529.78
  },
  "44": {
    "original": 1601.36,
    "paquete": 1561.33
  },
  "45": {
    "original": 1633.71,
    "paquete": 1592.87
  },
  "46": {
    "original": 1666.06,
    "paquete": 1624.41
  },
  "47": {
    "original": 1698.41,
    "paquete": 1655.95
  },
  "48": {
    "original": 1730.76,
    "paquete": 1687.49
  },
  "49": {
    "original": 1763.11,
    "paquete": 1719.03
  },
  "50": {
    "original": 1795.46,
    "paquete": 1750.57
  }
},
"MEX":{
  "1": {
    "original": 210.31,
    "paquete": 205.05
  },
  "2": {
    "original": 236.41,
    "paquete": 230.5
  },
  "3": {
    "original": 262.51,
    "paquete": 255.95
  },
  "4": {
    "original": 288.61,
    "paquete": 281.39
  },
  "5": {
    "original": 314.71,
    "paquete": 306.84
  },
  "6": {
    "original": 340.81,
    "paquete": 332.29
  },
  "7": {
    "original": 366.91,
    "paquete": 357.74
  },
  "8": {
    "original": 393.01,
    "paquete": 383.18
  },
  "9": {
    "original": 419.11,
    "paquete": 408.63
  },
  "10": {
    "original": 445.21,
    "paquete": 434.08
  },
  "11": {
    "original": 471.31,
    "paquete": 459.53
  },
  "12": {
    "original": 497.41,
    "paquete": 484.97
  },
  "13": {
    "original": 523.51,
    "paquete": 510.42
  },
  "14": {
    "original": 549.61,
    "paquete": 535.87
  },
  "15": {
    "original": 575.71,
    "paquete": 561.32
  },
  "16": {
    "original": 601.81,
    "paquete": 586.76
  },
  "17": {
    "original": 627.91,
    "paquete": 612.21
  },
  "18": {
    "original": 654.01,
    "paquete": 637.66
  },
  "19": {
    "original": 680.11,
    "paquete": 663.11
  },
  "20": {
    "original": 706.21,
    "paquete": 688.55
  },
  "21": {
    "original": 732.31,
    "paquete": 714
  },
  "22": {
    "original": 758.41,
    "paquete": 739.45
  },
  "23": {
    "original": 784.51,
    "paquete": 764.9
  },
  "24": {
    "original": 810.61,
    "paquete": 790.34
  },
  "25": {
    "original": 836.71,
    "paquete": 815.79
  },
  "26": {
    "original": 862.81,
    "paquete": 841.24
  },
  "27": {
    "original": 888.91,
    "paquete": 866.69
  },
  "28": {
    "original": 915.01,
    "paquete": 892.13
  },
  "29": {
    "original": 941.11,
    "paquete": 917.58
  },
  "30": {
    "original": 967.21,
    "paquete": 943.03
  },
  "31": {
    "original": 993.31,
    "paquete": 968.48
  },
  "32": {
    "original": 1019.41,
    "paquete": 993.92
  },
  "33": {
    "original": 1045.51,
    "paquete": 1019.37
  },
  "34": {
    "original": 1071.61,
    "paquete": 1044.82
  },
  "35": {
    "original": 1097.71,
    "paquete": 1070.27
  },
  "36": {
    "original": 1123.81,
    "paquete": 1095.71
  },
  "37": {
    "original": 1149.91,
    "paquete": 1121.16
  },
  "38": {
    "original": 1176.01,
    "paquete": 1146.61
  },
  "39": {
    "original": 1202.11,
    "paquete": 1172.06
  },
  "40": {
    "original": 1228.21,
    "paquete": 1197.5
  },
  "41": {
    "original": 1254.31,
    "paquete": 1222.95
  },
  "42": {
    "original": 1280.41,
    "paquete": 1248.4
  },
  "43": {
    "original": 1306.51,
    "paquete": 1273.85
  },
  "44": {
    "original": 1332.61,
    "paquete": 1299.29
  },
  "45": {
    "original": 1358.71,
    "paquete": 1324.74
  },
  "46": {
    "original": 1384.81,
    "paquete": 1350.19
  },
  "47": {
    "original": 1410.91,
    "paquete": 1375.64
  },
  "48": {
    "original": 1437.01,
    "paquete": 1401.08
  },
  "49": {
    "original": 1463.11,
    "paquete": 1426.53
  },
  "50": {
    "original": 1489.21,
    "paquete": 1451.98
  }
},
"GUA":{
  "1": {
    "original": 210.31,
    "paquete": 205.05
  },
  "2": {
    "original": 236.41,
    "paquete": 230.5
  },
  "3": {
    "original": 262.51,
    "paquete": 255.95
  },
  "4": {
    "original": 288.61,
    "paquete": 281.39
  },
  "5": {
    "original": 314.71,
    "paquete": 306.84
  },
  "6": {
    "original": 340.81,
    "paquete": 332.29
  },
  "7": {
    "original": 366.91,
    "paquete": 357.74
  },
  "8": {
    "original": 393.01,
    "paquete": 383.18
  },
  "9": {
    "original": 419.11,
    "paquete": 408.63
  },
  "10": {
    "original": 445.21,
    "paquete": 434.08
  },
  "11": {
    "original": 471.31,
    "paquete": 459.53
  },
  "12": {
    "original": 497.41,
    "paquete": 484.97
  },
  "13": {
    "original": 523.51,
    "paquete": 510.42
  },
  "14": {
    "original": 549.61,
    "paquete": 535.87
  },
  "15": {
    "original": 575.71,
    "paquete": 561.32
  },
  "16": {
    "original": 601.81,
    "paquete": 586.76
  },
  "17": {
    "original": 627.91,
    "paquete": 612.21
  },
  "18": {
    "original": 654.01,
    "paquete": 637.66
  },
  "19": {
    "original": 680.11,
    "paquete": 663.11
  },
  "20": {
    "original": 706.21,
    "paquete": 688.55
  },
  "21": {
    "original": 732.31,
    "paquete": 714
  },
  "22": {
    "original": 758.41,
    "paquete": 739.45
  },
  "23": {
    "original": 784.51,
    "paquete": 764.9
  },
  "24": {
    "original": 810.61,
    "paquete": 790.34
  },
  "25": {
    "original": 836.71,
    "paquete": 815.79
  },
  "26": {
    "original": 862.81,
    "paquete": 841.24
  },
  "27": {
    "original": 888.91,
    "paquete": 866.69
  },
  "28": {
    "original": 915.01,
    "paquete": 892.13
  },
  "29": {
    "original": 941.11,
    "paquete": 917.58
  },
  "30": {
    "original": 967.21,
    "paquete": 943.03
  },
  "31": {
    "original": 993.31,
    "paquete": 968.48
  },
  "32": {
    "original": 1019.41,
    "paquete": 993.92
  },
  "33": {
    "original": 1045.51,
    "paquete": 1019.37
  },
  "34": {
    "original": 1071.61,
    "paquete": 1044.82
  },
  "35": {
    "original": 1097.71,
    "paquete": 1070.27
  }
},
"GRO":{
  "1": {
    "original": 210.31,
    "paquete": 205.05
  },
  "2": {
    "original": 236.41,
    "paquete": 230.5
  },
  "3": {
    "original": 262.51,
    "paquete": 255.95
  },
  "4": {
    "original": 288.61,
    "paquete": 281.39
  },
  "5": {
    "original": 314.71,
    "paquete": 306.84
  },
  "6": {
    "original": 340.81,
    "paquete": 332.29
  },
  "7": {
    "original": 366.91,
    "paquete": 357.74
  },
  "8": {
    "original": 393.01,
    "paquete": 383.18
  },
  "9": {
    "original": 419.11,
    "paquete": 408.63
  },
  "10": {
    "original": 445.21,
    "paquete": 434.08
  },
  "11": {
    "original": 471.31,
    "paquete": 459.53
  },
  "12": {
    "original": 497.41,
    "paquete": 484.97
  },
  "13": {
    "original": 523.51,
    "paquete": 510.42
  },
  "14": {
    "original": 549.61,
    "paquete": 535.87
  },
  "15": {
    "original": 575.71,
    "paquete": 561.32
  },
  "16": {
    "original": 601.81,
    "paquete": 586.76
  },
  "17": {
    "original": 627.91,
    "paquete": 612.21
  },
  "18": {
    "original": 654.01,
    "paquete": 637.66
  },
  "19": {
    "original": 680.11,
    "paquete": 663.11
  },
  "20": {
    "original": 706.21,
    "paquete": 688.55
  },
  "21": {
    "original": 732.31,
    "paquete": 714
  },
  "22": {
    "original": 758.41,
    "paquete": 739.45
  },
  "23": {
    "original": 784.51,
    "paquete": 764.9
  },
  "24": {
    "original": 810.61,
    "paquete": 790.34
  },
  "25": {
    "original": 836.71,
    "paquete": 815.79
  },
  "26": {
    "original": 862.81,
    "paquete": 841.24
  },
  "27": {
    "original": 888.91,
    "paquete": 866.69
  },
  "28": {
    "original": 915.01,
    "paquete": 892.13
  },
  "29": {
    "original": 941.11,
    "paquete": 917.58
  },
  "30": {
    "original": 967.21,
    "paquete": 943.03
  },
  "31": {
    "original": 993.31,
    "paquete": 968.48
  },
  "32": {
    "original": 1019.41,
    "paquete": 993.92
  },
  "33": {
    "original": 1045.51,
    "paquete": 1019.37
  },
  "34": {
    "original": 1071.61,
    "paquete": 1044.82
  },
  "35": {
    "original": 1097.71,
    "paquete": 1070.27
  },
  "36": {
    "original": 1123.81,
    "paquete": 1095.71
  },
  "37": {
    "original": 1149.91,
    "paquete": 1121.16
  },
  "38": {
    "original": 1176.01,
    "paquete": 1146.61
  },
  "39": {
    "original": 1202.11,
    "paquete": 1172.06
  },
  "40": {
    "original": 1228.21,
    "paquete": 1197.5
  },
  "41": {
    "original": 1254.31,
    "paquete": 1222.95
  },
  "42": {
    "original": 1280.41,
    "paquete": 1248.4
  },
  "43": {
    "original": 1306.51,
    "paquete": 1273.85
  },
  "44": {
    "original": 1332.61,
    "paquete": 1299.29
  },
  "45": {
    "original": 1358.71,
    "paquete": 1324.74
  },
  "46": {
    "original": 1384.81,
    "paquete": 1350.19
  },
  "47": {
    "original": 1410.91,
    "paquete": 1375.64
  },
  "48": {
    "original": 1437.01,
    "paquete": 1401.08
  },
  "49": {
    "original": 1463.11,
    "paquete": 1426.53
  },
  "50": {
    "original": 1489.21,
    "paquete": 1451.98
  }
},
"HID":{
  "1": {
    "original": 210.31,
    "paquete": 205.05
  },
  "2": {
    "original": 236.41,
    "paquete": 230.5
  },
  "3": {
    "original": 262.51,
    "paquete": 255.95
  },
  "4": {
    "original": 288.61,
    "paquete": 281.39
  },
  "5": {
    "original": 314.71,
    "paquete": 306.84
  },
  "6": {
    "original": 340.81,
    "paquete": 332.29
  },
  "7": {
    "original": 366.91,
    "paquete": 357.74
  },
  "8": {
    "original": 393.01,
    "paquete": 383.18
  },
  "9": {
    "original": 419.11,
    "paquete": 408.63
  },
  "10": {
    "original": 445.21,
    "paquete": 434.08
  },
  "11": {
    "original": 471.31,
    "paquete": 459.53
  },
  "12": {
    "original": 497.41,
    "paquete": 484.97
  },
  "13": {
    "original": 523.51,
    "paquete": 510.42
  },
  "14": {
    "original": 549.61,
    "paquete": 535.87
  },
  "15": {
    "original": 575.71,
    "paquete": 561.32
  },
  "16": {
    "original": 601.81,
    "paquete": 586.76
  },
  "17": {
    "original": 627.91,
    "paquete": 612.21
  },
  "18": {
    "original": 654.01,
    "paquete": 637.66
  },
  "19": {
    "original": 680.11,
    "paquete": 663.11
  },
  "20": {
    "original": 706.21,
    "paquete": 688.55
  },
  "21": {
    "original": 732.31,
    "paquete": 714
  },
  "22": {
    "original": 758.41,
    "paquete": 739.45
  },
  "23": {
    "original": 784.51,
    "paquete": 764.9
  },
  "24": {
    "original": 810.61,
    "paquete": 790.34
  },
  "25": {
    "original": 836.71,
    "paquete": 815.79
  },
  "26": {
    "original": 862.81,
    "paquete": 841.24
  },
  "27": {
    "original": 888.91,
    "paquete": 866.69
  },
  "28": {
    "original": 915.01,
    "paquete": 892.13
  },
  "29": {
    "original": 941.11,
    "paquete": 917.58
  },
  "30": {
    "original": 967.21,
    "paquete": 943.03
  },
  "31": {
    "original": 993.31,
    "paquete": 968.48
  },
  "32": {
    "original": 1019.41,
    "paquete": 993.92
  },
  "33": {
    "original": 1045.51,
    "paquete": 1019.37
  },
  "34": {
    "original": 1071.61,
    "paquete": 1044.82
  },
  "35": {
    "original": 1097.71,
    "paquete": 1070.27
  },
  "36": {
    "original": 1123.81,
    "paquete": 1095.71
  },
  "37": {
    "original": 1149.91,
    "paquete": 1121.16
  },
  "38": {
    "original": 1176.01,
    "paquete": 1146.61
  },
  "39": {
    "original": 1202.11,
    "paquete": 1172.06
  },
  "40": {
    "original": 1228.21,
    "paquete": 1197.5
  },
  "41": {
    "original": 1254.31,
    "paquete": 1222.95
  },
  "42": {
    "original": 1280.41,
    "paquete": 1248.4
  },
  "43": {
    "original": 1306.51,
    "paquete": 1273.85
  },
  "44": {
    "original": 1332.61,
    "paquete": 1299.29
  },
  "45": {
    "original": 1358.71,
    "paquete": 1324.74
  },
  "46": {
    "original": 1384.81,
    "paquete": 1350.19
  },
  "47": {
    "original": 1410.91,
    "paquete": 1375.64
  },
  "48": {
    "original": 1437.01,
    "paquete": 1401.08
  },
  "49": {
    "original": 1463.11,
    "paquete": 1426.53
  },
  "50": {
    "original": 1489.21,
    "paquete": 1451.98
  }
},
"JAL":{
  "1": {
    "original": 210.31,
    "paquete": 205.05
  },
  "2": {
    "original": 242.66,
    "paquete": 236.59
  },
  "3": {
    "original": 275.01,
    "paquete": 268.13
  },
  "4": {
    "original": 307.36,
    "paquete": 299.68
  },
  "5": {
    "original": 339.71,
    "paquete": 331.22
  },
  "6": {
    "original": 372.06,
    "paquete": 362.76
  },
  "7": {
    "original": 404.41,
    "paquete": 394.3
  },
  "8": {
    "original": 436.76,
    "paquete": 425.84
  },
  "9": {
    "original": 469.11,
    "paquete": 457.38
  },
  "10": {
    "original": 501.46,
    "paquete": 488.92
  },
  "11": {
    "original": 533.81,
    "paquete": 520.46
  },
  "12": {
    "original": 566.16,
    "paquete": 552.01
  },
  "13": {
    "original": 598.51,
    "paquete": 583.55
  },
  "14": {
    "original": 630.86,
    "paquete": 615.09
  },
  "15": {
    "original": 663.21,
    "paquete": 646.63
  },
  "16": {
    "original": 695.56,
    "paquete": 678.17
  },
  "17": {
    "original": 727.91,
    "paquete": 709.71
  },
  "18": {
    "original": 760.26,
    "paquete": 741.25
  },
  "19": {
    "original": 792.61,
    "paquete": 772.79
  },
  "20": {
    "original": 824.96,
    "paquete": 804.34
  },
  "21": {
    "original": 857.31,
    "paquete": 835.88
  },
  "22": {
    "original": 889.66,
    "paquete": 867.42
  },
  "23": {
    "original": 922.01,
    "paquete": 898.96
  },
  "24": {
    "original": 954.36,
    "paquete": 930.5
  },
  "25": {
    "original": 986.71,
    "paquete": 962.04
  },
  "26": {
    "original": 1019.06,
    "paquete": 993.58
  },
  "27": {
    "original": 1051.41,
    "paquete": 1025.12
  },
  "28": {
    "original": 1083.76,
    "paquete": 1056.67
  },
  "29": {
    "original": 1116.11,
    "paquete": 1088.21
  },
  "30": {
    "original": 1148.46,
    "paquete": 1119.75
  },
  "31": {
    "original": 1180.81,
    "paquete": 1151.29
  },
  "32": {
    "original": 1213.16,
    "paquete": 1182.83
  },
  "33": {
    "original": 1245.51,
    "paquete": 1214.37
  },
  "34": {
    "original": 1277.86,
    "paquete": 1245.91
  },
  "35": {
    "original": 1310.21,
    "paquete": 1277.45
  },
  "36": {
    "original": 1342.56,
    "paquete": 1309
  },
  "37": {
    "original": 1374.91,
    "paquete": 1340.54
  },
  "38": {
    "original": 1407.26,
    "paquete": 1372.08
  },
  "39": {
    "original": 1439.61,
    "paquete": 1403.62
  },
  "40": {
    "original": 1471.96,
    "paquete": 1435.16
  },
  "41": {
    "original": 1504.31,
    "paquete": 1466.7
  },
  "42": {
    "original": 1536.66,
    "paquete": 1498.24
  },
  "43": {
    "original": 1569.01,
    "paquete": 1529.78
  },
  "44": {
    "original": 1601.36,
    "paquete": 1561.33
  },
  "45": {
    "original": 1633.71,
    "paquete": 1592.87
  },
  "46": {
    "original": 1666.06,
    "paquete": 1624.41
  },
  "47": {
    "original": 1698.41,
    "paquete": 1655.95
  },
  "48": {
    "original": 1730.76,
    "paquete": 1687.49
  },
  "49": {
    "original": 1763.11,
    "paquete": 1719.03
  },
  "50": {
    "original": 1795.46,
    "paquete": 1750.57
  }
},
"MIC":{
  "1": {
    "original": 210.31,
    "paquete": 205.05
  },
  "2": {
    "original": 236.41,
    "paquete": 230.5
  },
  "3": {
    "original": 262.51,
    "paquete": 255.95
  },
  "4": {
    "original": 288.61,
    "paquete": 281.39
  },
  "5": {
    "original": 314.71,
    "paquete": 306.84
  },
  "6": {
    "original": 340.81,
    "paquete": 332.29
  },
  "7": {
    "original": 366.91,
    "paquete": 357.74
  },
  "8": {
    "original": 393.01,
    "paquete": 383.18
  },
  "9": {
    "original": 419.11,
    "paquete": 408.63
  },
  "10": {
    "original": 445.21,
    "paquete": 434.08
  },
  "11": {
    "original": 471.31,
    "paquete": 459.53
  },
  "12": {
    "original": 497.41,
    "paquete": 484.97
  },
  "13": {
    "original": 523.51,
    "paquete": 510.42
  },
  "14": {
    "original": 549.61,
    "paquete": 535.87
  },
  "15": {
    "original": 575.71,
    "paquete": 561.32
  },
  "16": {
    "original": 601.81,
    "paquete": 586.76
  },
  "17": {
    "original": 627.91,
    "paquete": 612.21
  },
  "18": {
    "original": 654.01,
    "paquete": 637.66
  },
  "19": {
    "original": 680.11,
    "paquete": 663.11
  },
  "20": {
    "original": 706.21,
    "paquete": 688.55
  },
  "21": {
    "original": 732.31,
    "paquete": 714
  },
  "22": {
    "original": 758.41,
    "paquete": 739.45
  },
  "23": {
    "original": 784.51,
    "paquete": 764.9
  },
  "24": {
    "original": 810.61,
    "paquete": 790.34
  },
  "25": {
    "original": 836.71,
    "paquete": 815.79
  },
  "26": {
    "original": 862.81,
    "paquete": 841.24
  },
  "27": {
    "original": 888.91,
    "paquete": 866.69
  },
  "28": {
    "original": 915.01,
    "paquete": 892.13
  },
  "29": {
    "original": 941.11,
    "paquete": 917.58
  },
  "30": {
    "original": 967.21,
    "paquete": 943.03
  },
  "31": {
    "original": 993.31,
    "paquete": 968.48
  },
  "32": {
    "original": 1019.41,
    "paquete": 993.92
  },
  "33": {
    "original": 1045.51,
    "paquete": 1019.37
  },
  "34": {
    "original": 1071.61,
    "paquete": 1044.82
  },
  "35": {
    "original": 1097.71,
    "paquete": 1070.27
  }
},
"MOR":{
  "1": {
    "original": 210.31,
    "paquete": 205.05
  },
  "2": {
    "original": 236.41,
    "paquete": 230.5
  },
  "3": {
    "original": 262.51,
    "paquete": 255.95
  },
  "4": {
    "original": 288.61,
    "paquete": 281.39
  },
  "5": {
    "original": 314.71,
    "paquete": 306.84
  },
  "6": {
    "original": 340.81,
    "paquete": 332.29
  },
  "7": {
    "original": 366.91,
    "paquete": 357.74
  },
  "8": {
    "original": 393.01,
    "paquete": 383.18
  },
  "9": {
    "original": 419.11,
    "paquete": 408.63
  },
  "10": {
    "original": 445.21,
    "paquete": 434.08
  },
  "11": {
    "original": 471.31,
    "paquete": 459.53
  },
  "12": {
    "original": 497.41,
    "paquete": 484.97
  },
  "13": {
    "original": 523.51,
    "paquete": 510.42
  },
  "14": {
    "original": 549.61,
    "paquete": 535.87
  },
  "15": {
    "original": 575.71,
    "paquete": 561.32
  },
  "16": {
    "original": 601.81,
    "paquete": 586.76
  },
  "17": {
    "original": 627.91,
    "paquete": 612.21
  },
  "18": {
    "original": 654.01,
    "paquete": 637.66
  },
  "19": {
    "original": 680.11,
    "paquete": 663.11
  },
  "20": {
    "original": 706.21,
    "paquete": 688.55
  },
  "21": {
    "original": 732.31,
    "paquete": 714
  },
  "22": {
    "original": 758.41,
    "paquete": 739.45
  },
  "23": {
    "original": 784.51,
    "paquete": 764.9
  },
  "24": {
    "original": 810.61,
    "paquete": 790.34
  },
  "25": {
    "original": 836.71,
    "paquete": 815.79
  },
  "26": {
    "original": 862.81,
    "paquete": 841.24
  },
  "27": {
    "original": 888.91,
    "paquete": 866.69
  },
  "28": {
    "original": 915.01,
    "paquete": 892.13
  },
  "29": {
    "original": 941.11,
    "paquete": 917.58
  },
  "30": {
    "original": 967.21,
    "paquete": 943.03
  },
  "31": {
    "original": 993.31,
    "paquete": 968.48
  },
  "32": {
    "original": 1019.41,
    "paquete": 993.92
  },
  "33": {
    "original": 1045.51,
    "paquete": 1019.37
  },
  "34": {
    "original": 1071.61,
    "paquete": 1044.82
  },
  "35": {
    "original": 1097.71,
    "paquete": 1070.27
  },
  "36": {
    "original": 1123.81,
    "paquete": 1095.71
  },
  "37": {
    "original": 1149.91,
    "paquete": 1121.16
  },
  "38": {
    "original": 1176.01,
    "paquete": 1146.61
  },
  "39": {
    "original": 1202.11,
    "paquete": 1172.06
  },
  "40": {
    "original": 1228.21,
    "paquete": 1197.5
  },
  "41": {
    "original": 1254.31,
    "paquete": 1222.95
  },
  "42": {
    "original": 1280.41,
    "paquete": 1248.4
  },
  "43": {
    "original": 1306.51,
    "paquete": 1273.85
  },
  "44": {
    "original": 1332.61,
    "paquete": 1299.29
  },
  "45": {
    "original": 1358.71,
    "paquete": 1324.74
  },
  "46": {
    "original": 1384.81,
    "paquete": 1350.19
  },
  "47": {
    "original": 1410.91,
    "paquete": 1375.64
  },
  "48": {
    "original": 1437.01,
    "paquete": 1401.08
  },
  "49": {
    "original": 1463.11,
    "paquete": 1426.53
  },
  "50": {
    "original": 1489.21,
    "paquete": 1451.98
  }
},
"NAY":{
  "1": {
    "original": 210.31,
    "paquete": 205.05
  },
  "2": {
    "original": 242.66,
    "paquete": 236.59
  },
  "3": {
    "original": 275.01,
    "paquete": 268.13
  },
  "4": {
    "original": 307.36,
    "paquete": 299.68
  },
  "5": {
    "original": 339.71,
    "paquete": 331.22
  },
  "6": {
    "original": 372.06,
    "paquete": 362.76
  },
  "7": {
    "original": 404.41,
    "paquete": 394.3
  },
  "8": {
    "original": 436.76,
    "paquete": 425.84
  },
  "9": {
    "original": 469.11,
    "paquete": 457.38
  },
  "10": {
    "original": 501.46,
    "paquete": 488.92
  },
  "11": {
    "original": 533.81,
    "paquete": 520.46
  },
  "12": {
    "original": 566.16,
    "paquete": 552.01
  },
  "13": {
    "original": 598.51,
    "paquete": 583.55
  },
  "14": {
    "original": 630.86,
    "paquete": 615.09
  },
  "15": {
    "original": 663.21,
    "paquete": 646.63
  },
  "16": {
    "original": 695.56,
    "paquete": 678.17
  },
  "17": {
    "original": 727.91,
    "paquete": 709.71
  },
  "18": {
    "original": 760.26,
    "paquete": 741.25
  },
  "19": {
    "original": 792.61,
    "paquete": 772.79
  },
  "20": {
    "original": 824.96,
    "paquete": 804.34
  },
  "21": {
    "original": 857.31,
    "paquete": 835.88
  },
  "22": {
    "original": 889.66,
    "paquete": 867.42
  },
  "23": {
    "original": 922.01,
    "paquete": 898.96
  },
  "24": {
    "original": 954.36,
    "paquete": 930.5
  },
  "25": {
    "original": 986.71,
    "paquete": 962.04
  },
  "26": {
    "original": 1019.06,
    "paquete": 993.58
  },
  "27": {
    "original": 1051.41,
    "paquete": 1025.12
  },
  "28": {
    "original": 1083.76,
    "paquete": 1056.67
  },
  "29": {
    "original": 1116.11,
    "paquete": 1088.21
  },
  "30": {
    "original": 1148.46,
    "paquete": 1119.75
  },
  "31": {
    "original": 1180.81,
    "paquete": 1151.29
  },
  "32": {
    "original": 1213.16,
    "paquete": 1182.83
  },
  "33": {
    "original": 1245.51,
    "paquete": 1214.37
  },
  "34": {
    "original": 1277.86,
    "paquete": 1245.91
  },
  "35": {
    "original": 1310.21,
    "paquete": 1277.45
  },
  "36": {
    "original": 1342.56,
    "paquete": 1309
  },
  "37": {
    "original": 1374.91,
    "paquete": 1340.54
  },
  "38": {
    "original": 1407.26,
    "paquete": 1372.08
  },
  "39": {
    "original": 1439.61,
    "paquete": 1403.62
  },
  "40": {
    "original": 1471.96,
    "paquete": 1435.16
  },
  "41": {
    "original": 1504.31,
    "paquete": 1466.7
  },
  "42": {
    "original": 1536.66,
    "paquete": 1498.24
  },
  "43": {
    "original": 1569.01,
    "paquete": 1529.78
  },
  "44": {
    "original": 1601.36,
    "paquete": 1561.33
  },
  "45": {
    "original": 1633.71,
    "paquete": 1592.87
  },
  "46": {
    "original": 1666.06,
    "paquete": 1624.41
  },
  "47": {
    "original": 1698.41,
    "paquete": 1655.95
  },
  "48": {
    "original": 1730.76,
    "paquete": 1687.49
  },
  "49": {
    "original": 1763.11,
    "paquete": 1719.03
  },
  "50": {
    "original": 1795.46,
    "paquete": 1750.57
  }
},
"NLE":{
  "1": {
    "original": 210.31,
    "paquete": 205.05
  },
  "2": {
    "original": 242.66,
    "paquete": 236.59
  },
  "3": {
    "original": 275.01,
    "paquete": 268.13
  },
  "4": {
    "original": 307.36,
    "paquete": 299.68
  },
  "5": {
    "original": 339.71,
    "paquete": 331.22
  },
  "6": {
    "original": 372.06,
    "paquete": 362.76
  },
  "7": {
    "original": 404.41,
    "paquete": 394.3
  },
  "8": {
    "original": 436.76,
    "paquete": 425.84
  },
  "9": {
    "original": 469.11,
    "paquete": 457.38
  },
  "10": {
    "original": 501.46,
    "paquete": 488.92
  },
  "11": {
    "original": 533.81,
    "paquete": 520.46
  },
  "12": {
    "original": 566.16,
    "paquete": 552.01
  },
  "13": {
    "original": 598.51,
    "paquete": 583.55
  },
  "14": {
    "original": 630.86,
    "paquete": 615.09
  },
  "15": {
    "original": 663.21,
    "paquete": 646.63
  },
  "16": {
    "original": 695.56,
    "paquete": 678.17
  },
  "17": {
    "original": 727.91,
    "paquete": 709.71
  },
  "18": {
    "original": 760.26,
    "paquete": 741.25
  },
  "19": {
    "original": 792.61,
    "paquete": 772.79
  },
  "20": {
    "original": 824.96,
    "paquete": 804.34
  },
  "21": {
    "original": 857.31,
    "paquete": 835.88
  },
  "22": {
    "original": 889.66,
    "paquete": 867.42
  },
  "23": {
    "original": 922.01,
    "paquete": 898.96
  },
  "24": {
    "original": 954.36,
    "paquete": 930.5
  },
  "25": {
    "original": 986.71,
    "paquete": 962.04
  },
  "26": {
    "original": 1019.06,
    "paquete": 993.58
  },
  "27": {
    "original": 1051.41,
    "paquete": 1025.12
  },
  "28": {
    "original": 1083.76,
    "paquete": 1056.67
  },
  "29": {
    "original": 1116.11,
    "paquete": 1088.21
  },
  "30": {
    "original": 1148.46,
    "paquete": 1119.75
  },
  "31": {
    "original": 1180.81,
    "paquete": 1151.29
  },
  "32": {
    "original": 1213.16,
    "paquete": 1182.83
  },
  "33": {
    "original": 1245.51,
    "paquete": 1214.37
  },
  "34": {
    "original": 1277.86,
    "paquete": 1245.91
  },
  "35": {
    "original": 1310.21,
    "paquete": 1277.45
  },
  "36": {
    "original": 1342.56,
    "paquete": 1309
  },
  "37": {
    "original": 1374.91,
    "paquete": 1340.54
  },
  "38": {
    "original": 1407.26,
    "paquete": 1372.08
  },
  "39": {
    "original": 1439.61,
    "paquete": 1403.62
  },
  "40": {
    "original": 1471.96,
    "paquete": 1435.16
  },
  "41": {
    "original": 1504.31,
    "paquete": 1466.7
  },
  "42": {
    "original": 1536.66,
    "paquete": 1498.24
  },
  "43": {
    "original": 1569.01,
    "paquete": 1529.78
  },
  "44": {
    "original": 1601.36,
    "paquete": 1561.33
  },
  "45": {
    "original": 1633.71,
    "paquete": 1592.87
  },
  "46": {
    "original": 1666.06,
    "paquete": 1624.41
  },
  "47": {
    "original": 1698.41,
    "paquete": 1655.95
  },
  "48": {
    "original": 1730.76,
    "paquete": 1687.49
  },
  "49": {
    "original": 1763.11,
    "paquete": 1719.03
  },
  "50": {
    "original": 1795.46,
    "paquete": 1750.57
  }
},
"OAX":{
  "1": {
    "original": 210.31,
    "paquete": 205.05
  },
  "2": {
    "original": 236.41,
    "paquete": 230.5
  },
  "3": {
    "original": 262.51,
    "paquete": 255.95
  },
  "4": {
    "original": 288.61,
    "paquete": 281.39
  },
  "5": {
    "original": 314.71,
    "paquete": 306.84
  },
  "6": {
    "original": 340.81,
    "paquete": 332.29
  },
  "7": {
    "original": 366.91,
    "paquete": 357.74
  },
  "8": {
    "original": 393.01,
    "paquete": 383.18
  },
  "9": {
    "original": 419.11,
    "paquete": 408.63
  },
  "10": {
    "original": 445.21,
    "paquete": 434.08
  },
  "11": {
    "original": 471.31,
    "paquete": 459.53
  },
  "12": {
    "original": 497.41,
    "paquete": 484.97
  },
  "13": {
    "original": 523.51,
    "paquete": 510.42
  },
  "14": {
    "original": 549.61,
    "paquete": 535.87
  },
  "15": {
    "original": 575.71,
    "paquete": 561.32
  },
  "16": {
    "original": 601.81,
    "paquete": 586.76
  },
  "17": {
    "original": 627.91,
    "paquete": 612.21
  },
  "18": {
    "original": 654.01,
    "paquete": 637.66
  },
  "19": {
    "original": 680.11,
    "paquete": 663.11
  },
  "20": {
    "original": 706.21,
    "paquete": 688.55
  },
  "21": {
    "original": 732.31,
    "paquete": 714
  },
  "22": {
    "original": 758.41,
    "paquete": 739.45
  },
  "23": {
    "original": 784.51,
    "paquete": 764.9
  },
  "24": {
    "original": 810.61,
    "paquete": 790.34
  },
  "25": {
    "original": 836.71,
    "paquete": 815.79
  },
  "26": {
    "original": 862.81,
    "paquete": 841.24
  },
  "27": {
    "original": 888.91,
    "paquete": 866.69
  },
  "28": {
    "original": 915.01,
    "paquete": 892.13
  },
  "29": {
    "original": 941.11,
    "paquete": 917.58
  },
  "30": {
    "original": 967.21,
    "paquete": 943.03
  },
  "31": {
    "original": 993.31,
    "paquete": 968.48
  },
  "32": {
    "original": 1019.41,
    "paquete": 993.92
  },
  "33": {
    "original": 1045.51,
    "paquete": 1019.37
  },
  "34": {
    "original": 1071.61,
    "paquete": 1044.82
  },
  "35": {
    "original": 1097.71,
    "paquete": 1070.27
  }
},
"PUE":{
  "1": {
    "original": 210.31,
    "paquete": 205.05
  },
  "2": {
    "original": 236.41,
    "paquete": 230.5
  },
  "3": {
    "original": 262.51,
    "paquete": 255.95
  },
  "4": {
    "original": 288.61,
    "paquete": 281.39
  },
  "5": {
    "original": 314.71,
    "paquete": 306.84
  },
  "6": {
    "original": 340.81,
    "paquete": 332.29
  },
  "7": {
    "original": 366.91,
    "paquete": 357.74
  },
  "8": {
    "original": 393.01,
    "paquete": 383.18
  },
  "9": {
    "original": 419.11,
    "paquete": 408.63
  },
  "10": {
    "original": 445.21,
    "paquete": 434.08
  },
  "11": {
    "original": 471.31,
    "paquete": 459.53
  },
  "12": {
    "original": 497.41,
    "paquete": 484.97
  },
  "13": {
    "original": 523.51,
    "paquete": 510.42
  },
  "14": {
    "original": 549.61,
    "paquete": 535.87
  },
  "15": {
    "original": 575.71,
    "paquete": 561.32
  },
  "16": {
    "original": 601.81,
    "paquete": 586.76
  },
  "17": {
    "original": 627.91,
    "paquete": 612.21
  },
  "18": {
    "original": 654.01,
    "paquete": 637.66
  },
  "19": {
    "original": 680.11,
    "paquete": 663.11
  },
  "20": {
    "original": 706.21,
    "paquete": 688.55
  },
  "21": {
    "original": 732.31,
    "paquete": 714
  },
  "22": {
    "original": 758.41,
    "paquete": 739.45
  },
  "23": {
    "original": 784.51,
    "paquete": 764.9
  },
  "24": {
    "original": 810.61,
    "paquete": 790.34
  },
  "25": {
    "original": 836.71,
    "paquete": 815.79
  },
  "26": {
    "original": 862.81,
    "paquete": 841.24
  },
  "27": {
    "original": 888.91,
    "paquete": 866.69
  },
  "28": {
    "original": 915.01,
    "paquete": 892.13
  },
  "29": {
    "original": 941.11,
    "paquete": 917.58
  },
  "30": {
    "original": 967.21,
    "paquete": 943.03
  },
  "31": {
    "original": 993.31,
    "paquete": 968.48
  },
  "32": {
    "original": 1019.41,
    "paquete": 993.92
  },
  "33": {
    "original": 1045.51,
    "paquete": 1019.37
  },
  "34": {
    "original": 1071.61,
    "paquete": 1044.82
  },
  "35": {
    "original": 1097.71,
    "paquete": 1070.27
  },
  "36": {
    "original": 1123.81,
    "paquete": 1095.71
  },
  "37": {
    "original": 1149.91,
    "paquete": 1121.16
  },
  "38": {
    "original": 1176.01,
    "paquete": 1146.61
  },
  "39": {
    "original": 1202.11,
    "paquete": 1172.06
  },
  "40": {
    "original": 1228.21,
    "paquete": 1197.5
  },
  "41": {
    "original": 1254.31,
    "paquete": 1222.95
  },
  "42": {
    "original": 1280.41,
    "paquete": 1248.4
  },
  "43": {
    "original": 1306.51,
    "paquete": 1273.85
  },
  "44": {
    "original": 1332.61,
    "paquete": 1299.29
  },
  "45": {
    "original": 1358.71,
    "paquete": 1324.74
  },
  "46": {
    "original": 1384.81,
    "paquete": 1350.19
  },
  "47": {
    "original": 1410.91,
    "paquete": 1375.64
  },
  "48": {
    "original": 1437.01,
    "paquete": 1401.08
  },
  "49": {
    "original": 1463.11,
    "paquete": 1426.53
  },
  "50": {
    "original": 1489.21,
    "paquete": 1451.98
  }
},
"QUE":{
  "1": {
    "original": 210.31,
    "paquete": 205.05
  },
  "2": {
    "original": 236.41,
    "paquete": 230.5
  },
  "3": {
    "original": 262.51,
    "paquete": 255.95
  },
  "4": {
    "original": 288.61,
    "paquete": 281.39
  },
  "5": {
    "original": 314.71,
    "paquete": 306.84
  },
  "6": {
    "original": 340.81,
    "paquete": 332.29
  },
  "7": {
    "original": 366.91,
    "paquete": 357.74
  },
  "8": {
    "original": 393.01,
    "paquete": 383.18
  },
  "9": {
    "original": 419.11,
    "paquete": 408.63
  },
  "10": {
    "original": 445.21,
    "paquete": 434.08
  },
  "11": {
    "original": 471.31,
    "paquete": 459.53
  },
  "12": {
    "original": 497.41,
    "paquete": 484.97
  },
  "13": {
    "original": 523.51,
    "paquete": 510.42
  },
  "14": {
    "original": 549.61,
    "paquete": 535.87
  },
  "15": {
    "original": 575.71,
    "paquete": 561.32
  },
  "16": {
    "original": 601.81,
    "paquete": 586.76
  },
  "17": {
    "original": 627.91,
    "paquete": 612.21
  },
  "18": {
    "original": 654.01,
    "paquete": 637.66
  },
  "19": {
    "original": 680.11,
    "paquete": 663.11
  },
  "20": {
    "original": 706.21,
    "paquete": 688.55
  },
  "21": {
    "original": 732.31,
    "paquete": 714
  },
  "22": {
    "original": 758.41,
    "paquete": 739.45
  },
  "23": {
    "original": 784.51,
    "paquete": 764.9
  },
  "24": {
    "original": 810.61,
    "paquete": 790.34
  },
  "25": {
    "original": 836.71,
    "paquete": 815.79
  },
  "26": {
    "original": 862.81,
    "paquete": 841.24
  },
  "27": {
    "original": 888.91,
    "paquete": 866.69
  },
  "28": {
    "original": 915.01,
    "paquete": 892.13
  },
  "29": {
    "original": 941.11,
    "paquete": 917.58
  },
  "30": {
    "original": 967.21,
    "paquete": 943.03
  },
  "31": {
    "original": 993.31,
    "paquete": 968.48
  },
  "32": {
    "original": 1019.41,
    "paquete": 993.92
  },
  "33": {
    "original": 1045.51,
    "paquete": 1019.37
  },
  "34": {
    "original": 1071.61,
    "paquete": 1044.82
  },
  "35": {
    "original": 1097.71,
    "paquete": 1070.27
  },
  "36": {
    "original": 1123.81,
    "paquete": 1095.71
  },
  "37": {
    "original": 1149.91,
    "paquete": 1121.16
  },
  "38": {
    "original": 1176.01,
    "paquete": 1146.61
  },
  "39": {
    "original": 1202.11,
    "paquete": 1172.06
  },
  "40": {
    "original": 1228.21,
    "paquete": 1197.5
  },
  "41": {
    "original": 1254.31,
    "paquete": 1222.95
  },
  "42": {
    "original": 1280.41,
    "paquete": 1248.4
  },
  "43": {
    "original": 1306.51,
    "paquete": 1273.85
  },
  "44": {
    "original": 1332.61,
    "paquete": 1299.29
  },
  "45": {
    "original": 1358.71,
    "paquete": 1324.74
  },
  "46": {
    "original": 1384.81,
    "paquete": 1350.19
  },
  "47": {
    "original": 1410.91,
    "paquete": 1375.64
  },
  "48": {
    "original": 1437.01,
    "paquete": 1401.08
  },
  "49": {
    "original": 1463.11,
    "paquete": 1426.53
  },
  "50": {
    "original": 1489.21,
    "paquete": 1451.98
  }
},
"ROO":{
  "1": {
    "original": 210.31,
    "paquete": 205.05
  },
  "2": {
    "original": 293.81,
    "paquete": 286.46
  },
  "3": {
    "original": 377.31,
    "paquete": 367.88
  },
  "4": {
    "original": 460.81,
    "paquete": 449.29
  },
  "5": {
    "original": 544.31,
    "paquete": 530.7
  },
  "6": {
    "original": 627.81,
    "paquete": 612.11
  },
  "7": {
    "original": 711.31,
    "paquete": 693.53
  },
  "8": {
    "original": 794.81,
    "paquete": 774.94
  },
  "9": {
    "original": 878.31,
    "paquete": 856.35
  },
  "10": {
    "original": 961.81,
    "paquete": 937.76
  },
  "11": {
    "original": 1045.31,
    "paquete": 1019.18
  },
  "12": {
    "original": 1128.81,
    "paquete": 1100.59
  },
  "13": {
    "original": 1212.31,
    "paquete": 1182
  },
  "14": {
    "original": 1295.81,
    "paquete": 1263.41
  },
  "15": {
    "original": 1379.31,
    "paquete": 1344.83
  },
  "16": {
    "original": 1462.81,
    "paquete": 1426.24
  },
  "17": {
    "original": 1546.31,
    "paquete": 1507.65
  },
  "18": {
    "original": 1629.81,
    "paquete": 1589.06
  },
  "19": {
    "original": 1713.31,
    "paquete": 1670.48
  },
  "20": {
    "original": 1796.81,
    "paquete": 1751.89
  },
  "21": {
    "original": 1880.31,
    "paquete": 1833.3
  },
  "22": {
    "original": 1963.81,
    "paquete": 1914.71
  },
  "23": {
    "original": 2047.31,
    "paquete": 1996.13
  },
  "24": {
    "original": 2130.81,
    "paquete": 2077.54
  },
  "25": {
    "original": 2214.31,
    "paquete": 2158.95
  },
  "26": {
    "original": 2297.81,
    "paquete": 2240.36
  },
  "27": {
    "original": 2381.31,
    "paquete": 2321.78
  },
  "28": {
    "original": 2464.81,
    "paquete": 2403.19
  },
  "29": {
    "original": 2548.31,
    "paquete": 2484.6
  },
  "30": {
    "original": 2631.81,
    "paquete": 2566.01
  },
  "31": {
    "original": 2715.31,
    "paquete": 2647.43
  },
  "32": {
    "original": 2798.81,
    "paquete": 2728.84
  },
  "33": {
    "original": 2882.31,
    "paquete": 2810.25
  },
  "34": {
    "original": 2965.81,
    "paquete": 2891.66
  },
  "35": {
    "original": 3049.31,
    "paquete": 2973.08
  },
  "36": {
    "original": 3132.81,
    "paquete": 3054.49
  },
  "37": {
    "original": 3216.31,
    "paquete": 3135.9
  },
  "38": {
    "original": 3299.81,
    "paquete": 3217.31
  },
  "39": {
    "original": 3383.31,
    "paquete": 3298.73
  },
  "40": {
    "original": 3466.81,
    "paquete": 3380.14
  },
  "41": {
    "original": 3550.31,
    "paquete": 3461.55
  },
  "42": {
    "original": 3633.81,
    "paquete": 3542.96
  },
  "43": {
    "original": 3717.31,
    "paquete": 3624.38
  },
  "44": {
    "original": 3800.81,
    "paquete": 3705.79
  },
  "45": {
    "original": 3884.31,
    "paquete": 3787.2
  },
  "46": {
    "original": 3967.81,
    "paquete": 3868.61
  },
  "47": {
    "original": 4051.31,
    "paquete": 3950.03
  },
  "48": {
    "original": 4134.81,
    "paquete": 4031.44
  },
  "49": {
    "original": 4218.31,
    "paquete": 4112.85
  },
  "50": {
    "original": 4301.81,
    "paquete": 4194.26
  }
},
"SLP":{
  "1": {
    "original": 210.31,
    "paquete": 205.05
  },
  "2": {
    "original": 242.66,
    "paquete": 236.59
  },
  "3": {
    "original": 275.01,
    "paquete": 268.13
  },
  "4": {
    "original": 307.36,
    "paquete": 299.68
  },
  "5": {
    "original": 339.71,
    "paquete": 331.22
  },
  "6": {
    "original": 372.06,
    "paquete": 362.76
  },
  "7": {
    "original": 404.41,
    "paquete": 394.3
  },
  "8": {
    "original": 436.76,
    "paquete": 425.84
  },
  "9": {
    "original": 469.11,
    "paquete": 457.38
  },
  "10": {
    "original": 501.46,
    "paquete": 488.92
  },
  "11": {
    "original": 533.81,
    "paquete": 520.46
  },
  "12": {
    "original": 566.16,
    "paquete": 552.01
  },
  "13": {
    "original": 598.51,
    "paquete": 583.55
  },
  "14": {
    "original": 630.86,
    "paquete": 615.09
  },
  "15": {
    "original": 663.21,
    "paquete": 646.63
  },
  "16": {
    "original": 695.56,
    "paquete": 678.17
  },
  "17": {
    "original": 727.91,
    "paquete": 709.71
  },
  "18": {
    "original": 760.26,
    "paquete": 741.25
  },
  "19": {
    "original": 792.61,
    "paquete": 772.79
  },
  "20": {
    "original": 824.96,
    "paquete": 804.34
  },
  "21": {
    "original": 857.31,
    "paquete": 835.88
  },
  "22": {
    "original": 889.66,
    "paquete": 867.42
  },
  "23": {
    "original": 922.01,
    "paquete": 898.96
  },
  "24": {
    "original": 954.36,
    "paquete": 930.5
  },
  "25": {
    "original": 986.71,
    "paquete": 962.04
  },
  "26": {
    "original": 1019.06,
    "paquete": 993.58
  },
  "27": {
    "original": 1051.41,
    "paquete": 1025.12
  },
  "28": {
    "original": 1083.76,
    "paquete": 1056.67
  },
  "29": {
    "original": 1116.11,
    "paquete": 1088.21
  },
  "30": {
    "original": 1148.46,
    "paquete": 1119.75
  },
  "31": {
    "original": 1180.81,
    "paquete": 1151.29
  },
  "32": {
    "original": 1213.16,
    "paquete": 1182.83
  },
  "33": {
    "original": 1245.51,
    "paquete": 1214.37
  },
  "34": {
    "original": 1277.86,
    "paquete": 1245.91
  },
  "35": {
    "original": 1310.21,
    "paquete": 1277.45
  },
  "36": {
    "original": 1342.56,
    "paquete": 1309
  },
  "37": {
    "original": 1374.91,
    "paquete": 1340.54
  },
  "38": {
    "original": 1407.26,
    "paquete": 1372.08
  },
  "39": {
    "original": 1439.61,
    "paquete": 1403.62
  },
  "40": {
    "original": 1471.96,
    "paquete": 1435.16
  },
  "41": {
    "original": 1504.31,
    "paquete": 1466.7
  },
  "42": {
    "original": 1536.66,
    "paquete": 1498.24
  },
  "43": {
    "original": 1569.01,
    "paquete": 1529.78
  },
  "44": {
    "original": 1601.36,
    "paquete": 1561.33
  },
  "45": {
    "original": 1633.71,
    "paquete": 1592.87
  },
  "46": {
    "original": 1666.06,
    "paquete": 1624.41
  },
  "47": {
    "original": 1698.41,
    "paquete": 1655.95
  },
  "48": {
    "original": 1730.76,
    "paquete": 1687.49
  },
  "49": {
    "original": 1763.11,
    "paquete": 1719.03
  },
  "50": {
    "original": 1795.46,
    "paquete": 1750.57
  }
},
"SIN":{
  "1": {
    "original": 210.31,
    "paquete": 205.05
  },
  "2": {
    "original": 279.21,
    "paquete": 272.23
  },
  "3": {
    "original": 348.11,
    "paquete": 339.41
  },
  "4": {
    "original": 417.01,
    "paquete": 406.58
  },
  "5": {
    "original": 485.91,
    "paquete": 473.76
  },
  "6": {
    "original": 554.81,
    "paquete": 540.94
  },
  "7": {
    "original": 623.71,
    "paquete": 608.12
  },
  "8": {
    "original": 692.61,
    "paquete": 675.29
  },
  "9": {
    "original": 761.51,
    "paquete": 742.47
  },
  "10": {
    "original": 830.41,
    "paquete": 809.65
  },
  "11": {
    "original": 899.31,
    "paquete": 876.83
  },
  "12": {
    "original": 968.21,
    "paquete": 944
  },
  "13": {
    "original": 1037.11,
    "paquete": 1011.18
  },
  "14": {
    "original": 1106.01,
    "paquete": 1078.36
  },
  "15": {
    "original": 1174.91,
    "paquete": 1145.54
  },
  "16": {
    "original": 1243.81,
    "paquete": 1212.71
  },
  "17": {
    "original": 1312.71,
    "paquete": 1279.89
  },
  "18": {
    "original": 1381.61,
    "paquete": 1347.07
  },
  "19": {
    "original": 1450.51,
    "paquete": 1414.25
  },
  "20": {
    "original": 1519.41,
    "paquete": 1481.42
  },
  "21": {
    "original": 1588.31,
    "paquete": 1548.6
  },
  "22": {
    "original": 1657.21,
    "paquete": 1615.78
  },
  "23": {
    "original": 1726.11,
    "paquete": 1682.96
  },
  "24": {
    "original": 1795.01,
    "paquete": 1750.13
  },
  "25": {
    "original": 1863.91,
    "paquete": 1817.31
  },
  "26": {
    "original": 1932.81,
    "paquete": 1884.49
  },
  "27": {
    "original": 2001.71,
    "paquete": 1951.67
  },
  "28": {
    "original": 2070.61,
    "paquete": 2018.84
  },
  "29": {
    "original": 2139.51,
    "paquete": 2086.02
  },
  "30": {
    "original": 2208.41,
    "paquete": 2153.2
  },
  "31": {
    "original": 2277.31,
    "paquete": 2220.38
  },
  "32": {
    "original": 2346.21,
    "paquete": 2287.55
  },
  "33": {
    "original": 2415.11,
    "paquete": 2354.73
  },
  "34": {
    "original": 2484.01,
    "paquete": 2421.91
  },
  "35": {
    "original": 2552.91,
    "paquete": 2489.09
  },
  "36": {
    "original": 2621.81,
    "paquete": 2556.26
  },
  "37": {
    "original": 2690.71,
    "paquete": 2623.44
  },
  "38": {
    "original": 2759.61,
    "paquete": 2690.62
  },
  "39": {
    "original": 2828.51,
    "paquete": 2757.8
  },
  "40": {
    "original": 2897.41,
    "paquete": 2824.97
  },
  "41": {
    "original": 2966.31,
    "paquete": 2892.15
  },
  "42": {
    "original": 3035.21,
    "paquete": 2959.33
  },
  "43": {
    "original": 3104.11,
    "paquete": 3026.51
  },
  "44": {
    "original": 3173.01,
    "paquete": 3093.68
  },
  "45": {
    "original": 3241.91,
    "paquete": 3160.86
  },
  "46": {
    "original": 3310.81,
    "paquete": 3228.04
  },
  "47": {
    "original": 3379.71,
    "paquete": 3295.22
  },
  "48": {
    "original": 3448.61,
    "paquete": 3362.39
  },
  "49": {
    "original": 3517.51,
    "paquete": 3429.57
  },
  "50": {
    "original": 3586.41,
    "paquete": 3496.75
  }
},
"SON":{
  "1": {
    "original": 210.31,
    "paquete": 205.05
  },
  "2": {
    "original": 293.81,
    "paquete": 286.46
  },
  "3": {
    "original": 377.31,
    "paquete": 367.88
  },
  "4": {
    "original": 460.81,
    "paquete": 449.29
  },
  "5": {
    "original": 544.31,
    "paquete": 530.7
  },
  "6": {
    "original": 627.81,
    "paquete": 612.11
  },
  "7": {
    "original": 711.31,
    "paquete": 693.53
  },
  "8": {
    "original": 794.81,
    "paquete": 774.94
  },
  "9": {
    "original": 878.31,
    "paquete": 856.35
  },
  "10": {
    "original": 961.81,
    "paquete": 937.76
  },
  "11": {
    "original": 1045.31,
    "paquete": 1019.18
  },
  "12": {
    "original": 1128.81,
    "paquete": 1100.59
  },
  "13": {
    "original": 1212.31,
    "paquete": 1182
  },
  "14": {
    "original": 1295.81,
    "paquete": 1263.41
  },
  "15": {
    "original": 1379.31,
    "paquete": 1344.83
  },
  "16": {
    "original": 1462.81,
    "paquete": 1426.24
  },
  "17": {
    "original": 1546.31,
    "paquete": 1507.65
  },
  "18": {
    "original": 1629.81,
    "paquete": 1589.06
  },
  "19": {
    "original": 1713.31,
    "paquete": 1670.48
  },
  "20": {
    "original": 1796.81,
    "paquete": 1751.89
  },
  "21": {
    "original": 1880.31,
    "paquete": 1833.3
  },
  "22": {
    "original": 1963.81,
    "paquete": 1914.71
  },
  "23": {
    "original": 2047.31,
    "paquete": 1996.13
  },
  "24": {
    "original": 2130.81,
    "paquete": 2077.54
  },
  "25": {
    "original": 2214.31,
    "paquete": 2158.95
  },
  "26": {
    "original": 2297.81,
    "paquete": 2240.36
  },
  "27": {
    "original": 2381.31,
    "paquete": 2321.78
  },
  "28": {
    "original": 2464.81,
    "paquete": 2403.19
  },
  "29": {
    "original": 2548.31,
    "paquete": 2484.6
  },
  "30": {
    "original": 2631.81,
    "paquete": 2566.01
  },
  "31": {
    "original": 2715.31,
    "paquete": 2647.43
  },
  "32": {
    "original": 2798.81,
    "paquete": 2728.84
  },
  "33": {
    "original": 2882.31,
    "paquete": 2810.25
  },
  "34": {
    "original": 2965.81,
    "paquete": 2891.66
  },
  "35": {
    "original": 3049.31,
    "paquete": 2973.08
  },
  "36": {
    "original": 3132.81,
    "paquete": 3054.49
  },
  "37": {
    "original": 3216.31,
    "paquete": 3135.9
  },
  "38": {
    "original": 3299.81,
    "paquete": 3217.31
  },
  "39": {
    "original": 3383.31,
    "paquete": 3298.73
  },
  "40": {
    "original": 3466.81,
    "paquete": 3380.14
  },
  "41": {
    "original": 3550.31,
    "paquete": 3461.55
  },
  "42": {
    "original": 3633.81,
    "paquete": 3542.96
  },
  "43": {
    "original": 3717.31,
    "paquete": 3624.38
  },
  "44": {
    "original": 3800.81,
    "paquete": 3705.79
  },
  "45": {
    "original": 3884.31,
    "paquete": 3787.2
  },
  "46": {
    "original": 3967.81,
    "paquete": 3868.61
  },
  "47": {
    "original": 4051.31,
    "paquete": 3950.03
  },
  "48": {
    "original": 4134.81,
    "paquete": 4031.44
  },
  "49": {
    "original": 4218.31,
    "paquete": 4112.85
  },
  "50": {
    "original": 4301.81,
    "paquete": 4194.26
  }
},
"TAB":{
  "1": {
    "original": 210.31,
    "paquete": 205.05
  },
  "2": {
    "original": 242.66,
    "paquete": 236.59
  },
  "3": {
    "original": 275.01,
    "paquete": 268.13
  },
  "4": {
    "original": 307.36,
    "paquete": 299.68
  },
  "5": {
    "original": 339.71,
    "paquete": 331.22
  },
  "6": {
    "original": 372.06,
    "paquete": 362.76
  },
  "7": {
    "original": 404.41,
    "paquete": 394.3
  },
  "8": {
    "original": 436.76,
    "paquete": 425.84
  },
  "9": {
    "original": 469.11,
    "paquete": 457.38
  },
  "10": {
    "original": 501.46,
    "paquete": 488.92
  },
  "11": {
    "original": 533.81,
    "paquete": 520.46
  },
  "12": {
    "original": 566.16,
    "paquete": 552.01
  },
  "13": {
    "original": 598.51,
    "paquete": 583.55
  },
  "14": {
    "original": 630.86,
    "paquete": 615.09
  },
  "15": {
    "original": 663.21,
    "paquete": 646.63
  },
  "16": {
    "original": 695.56,
    "paquete": 678.17
  },
  "17": {
    "original": 727.91,
    "paquete": 709.71
  },
  "18": {
    "original": 760.26,
    "paquete": 741.25
  },
  "19": {
    "original": 792.61,
    "paquete": 772.79
  },
  "20": {
    "original": 824.96,
    "paquete": 804.34
  },
  "21": {
    "original": 857.31,
    "paquete": 835.88
  },
  "22": {
    "original": 889.66,
    "paquete": 867.42
  },
  "23": {
    "original": 922.01,
    "paquete": 898.96
  },
  "24": {
    "original": 954.36,
    "paquete": 930.5
  },
  "25": {
    "original": 986.71,
    "paquete": 962.04
  },
  "26": {
    "original": 1019.06,
    "paquete": 993.58
  },
  "27": {
    "original": 1051.41,
    "paquete": 1025.12
  },
  "28": {
    "original": 1083.76,
    "paquete": 1056.67
  },
  "29": {
    "original": 1116.11,
    "paquete": 1088.21
  },
  "30": {
    "original": 1148.46,
    "paquete": 1119.75
  },
  "31": {
    "original": 1180.81,
    "paquete": 1151.29
  },
  "32": {
    "original": 1213.16,
    "paquete": 1182.83
  },
  "33": {
    "original": 1245.51,
    "paquete": 1214.37
  },
  "34": {
    "original": 1277.86,
    "paquete": 1245.91
  },
  "35": {
    "original": 1310.21,
    "paquete": 1277.45
  },
  "36": {
    "original": 1342.56,
    "paquete": 1309
  },
  "37": {
    "original": 1374.91,
    "paquete": 1340.54
  },
  "38": {
    "original": 1407.26,
    "paquete": 1372.08
  },
  "39": {
    "original": 1439.61,
    "paquete": 1403.62
  },
  "40": {
    "original": 1471.96,
    "paquete": 1435.16
  },
  "41": {
    "original": 1504.31,
    "paquete": 1466.7
  },
  "42": {
    "original": 1536.66,
    "paquete": 1498.24
  },
  "43": {
    "original": 1569.01,
    "paquete": 1529.78
  },
  "44": {
    "original": 1601.36,
    "paquete": 1561.33
  },
  "45": {
    "original": 1633.71,
    "paquete": 1592.87
  },
  "46": {
    "original": 1666.06,
    "paquete": 1624.41
  },
  "47": {
    "original": 1698.41,
    "paquete": 1655.95
  },
  "48": {
    "original": 1730.76,
    "paquete": 1687.49
  },
  "49": {
    "original": 1763.11,
    "paquete": 1719.03
  },
  "50": {
    "original": 1795.46,
    "paquete": 1750.57
  }
},
"TAM":{
  "1": {
    "original": 210.31,
    "paquete": 205.05
  },
  "2": {
    "original": 236.41,
    "paquete": 230.5
  },
  "3": {
    "original": 262.51,
    "paquete": 255.95
  },
  "4": {
    "original": 288.61,
    "paquete": 281.39
  },
  "5": {
    "original": 314.71,
    "paquete": 306.84
  },
  "6": {
    "original": 340.81,
    "paquete": 332.29
  },
  "7": {
    "original": 366.91,
    "paquete": 357.74
  },
  "8": {
    "original": 393.01,
    "paquete": 383.18
  },
  "9": {
    "original": 419.11,
    "paquete": 408.63
  },
  "10": {
    "original": 445.21,
    "paquete": 434.08
  },
  "11": {
    "original": 471.31,
    "paquete": 459.53
  },
  "12": {
    "original": 497.41,
    "paquete": 484.97
  },
  "13": {
    "original": 523.51,
    "paquete": 510.42
  },
  "14": {
    "original": 549.61,
    "paquete": 535.87
  },
  "15": {
    "original": 575.71,
    "paquete": 561.32
  },
  "16": {
    "original": 601.81,
    "paquete": 586.76
  },
  "17": {
    "original": 627.91,
    "paquete": 612.21
  },
  "18": {
    "original": 654.01,
    "paquete": 637.66
  },
  "19": {
    "original": 680.11,
    "paquete": 663.11
  },
  "20": {
    "original": 706.21,
    "paquete": 688.55
  },
  "21": {
    "original": 732.31,
    "paquete": 714
  },
  "22": {
    "original": 758.41,
    "paquete": 739.45
  },
  "23": {
    "original": 784.51,
    "paquete": 764.9
  },
  "24": {
    "original": 810.61,
    "paquete": 790.34
  },
  "25": {
    "original": 836.71,
    "paquete": 815.79
  },
  "26": {
    "original": 862.81,
    "paquete": 841.24
  },
  "27": {
    "original": 888.91,
    "paquete": 866.69
  },
  "28": {
    "original": 915.01,
    "paquete": 892.13
  },
  "29": {
    "original": 941.11,
    "paquete": 917.58
  },
  "30": {
    "original": 967.21,
    "paquete": 943.03
  },
  "31": {
    "original": 993.31,
    "paquete": 968.48
  },
  "32": {
    "original": 1019.41,
    "paquete": 993.92
  },
  "33": {
    "original": 1045.51,
    "paquete": 1019.37
  },
  "34": {
    "original": 1071.61,
    "paquete": 1044.82
  },
  "35": {
    "original": 1097.71,
    "paquete": 1070.27
  },
  "36": {
    "original": 1123.81,
    "paquete": 1095.71
  },
  "37": {
    "original": 1149.91,
    "paquete": 1121.16
  },
  "38": {
    "original": 1176.01,
    "paquete": 1146.61
  },
  "39": {
    "original": 1202.11,
    "paquete": 1172.06
  },
  "40": {
    "original": 1228.21,
    "paquete": 1197.5
  },
  "41": {
    "original": 1254.31,
    "paquete": 1222.95
  },
  "42": {
    "original": 1280.41,
    "paquete": 1248.4
  },
  "43": {
    "original": 1306.51,
    "paquete": 1273.85
  },
  "44": {
    "original": 1332.61,
    "paquete": 1299.29
  },
  "45": {
    "original": 1358.71,
    "paquete": 1324.74
  },
  "46": {
    "original": 1384.81,
    "paquete": 1350.19
  },
  "47": {
    "original": 1410.91,
    "paquete": 1375.64
  },
  "48": {
    "original": 1437.01,
    "paquete": 1401.08
  },
  "49": {
    "original": 1463.11,
    "paquete": 1426.53
  },
  "50": {
    "original": 1489.21,
    "paquete": 1451.98
  }
},
"TLA":{
  "1": {
    "original": 210.31,
    "paquete": 205.05
  },
  "2": {
    "original": 236.41,
    "paquete": 230.5
  },
  "3": {
    "original": 262.51,
    "paquete": 255.95
  },
  "4": {
    "original": 288.61,
    "paquete": 281.39
  },
  "5": {
    "original": 314.71,
    "paquete": 306.84
  },
  "6": {
    "original": 340.81,
    "paquete": 332.29
  },
  "7": {
    "original": 366.91,
    "paquete": 357.74
  },
  "8": {
    "original": 393.01,
    "paquete": 383.18
  },
  "9": {
    "original": 419.11,
    "paquete": 408.63
  },
  "10": {
    "original": 445.21,
    "paquete": 434.08
  },
  "11": {
    "original": 471.31,
    "paquete": 459.53
  },
  "12": {
    "original": 497.41,
    "paquete": 484.97
  },
  "13": {
    "original": 523.51,
    "paquete": 510.42
  },
  "14": {
    "original": 549.61,
    "paquete": 535.87
  },
  "15": {
    "original": 575.71,
    "paquete": 561.32
  },
  "16": {
    "original": 601.81,
    "paquete": 586.76
  },
  "17": {
    "original": 627.91,
    "paquete": 612.21
  },
  "18": {
    "original": 654.01,
    "paquete": 637.66
  },
  "19": {
    "original": 680.11,
    "paquete": 663.11
  },
  "20": {
    "original": 706.21,
    "paquete": 688.55
  },
  "21": {
    "original": 732.31,
    "paquete": 714
  },
  "22": {
    "original": 758.41,
    "paquete": 739.45
  },
  "23": {
    "original": 784.51,
    "paquete": 764.9
  },
  "24": {
    "original": 810.61,
    "paquete": 790.34
  },
  "25": {
    "original": 836.71,
    "paquete": 815.79
  },
  "26": {
    "original": 862.81,
    "paquete": 841.24
  },
  "27": {
    "original": 888.91,
    "paquete": 866.69
  },
  "28": {
    "original": 915.01,
    "paquete": 892.13
  },
  "29": {
    "original": 941.11,
    "paquete": 917.58
  },
  "30": {
    "original": 967.21,
    "paquete": 943.03
  },
  "31": {
    "original": 993.31,
    "paquete": 968.48
  },
  "32": {
    "original": 1019.41,
    "paquete": 993.92
  },
  "33": {
    "original": 1045.51,
    "paquete": 1019.37
  },
  "34": {
    "original": 1071.61,
    "paquete": 1044.82
  },
  "35": {
    "original": 1097.71,
    "paquete": 1070.27
  },
  "36": {
    "original": 1123.81,
    "paquete": 1095.71
  },
  "37": {
    "original": 1149.91,
    "paquete": 1121.16
  },
  "38": {
    "original": 1176.01,
    "paquete": 1146.61
  },
  "39": {
    "original": 1202.11,
    "paquete": 1172.06
  },
  "40": {
    "original": 1228.21,
    "paquete": 1197.5
  },
  "41": {
    "original": 1254.31,
    "paquete": 1222.95
  },
  "42": {
    "original": 1280.41,
    "paquete": 1248.4
  },
  "43": {
    "original": 1306.51,
    "paquete": 1273.85
  },
  "44": {
    "original": 1332.61,
    "paquete": 1299.29
  },
  "45": {
    "original": 1358.71,
    "paquete": 1324.74
  },
  "46": {
    "original": 1384.81,
    "paquete": 1350.19
  },
  "47": {
    "original": 1410.91,
    "paquete": 1375.64
  },
  "48": {
    "original": 1437.01,
    "paquete": 1401.08
  },
  "49": {
    "original": 1463.11,
    "paquete": 1426.53
  },
  "50": {
    "original": 1489.21,
    "paquete": 1451.98
  }
},
"VER":{
  "1": {
    "original": 210.31,
    "paquete": 205.05
  },
  "2": {
    "original": 236.41,
    "paquete": 230.5
  },
  "3": {
    "original": 262.51,
    "paquete": 255.95
  },
  "4": {
    "original": 288.61,
    "paquete": 281.39
  },
  "5": {
    "original": 314.71,
    "paquete": 306.84
  },
  "6": {
    "original": 340.81,
    "paquete": 332.29
  },
  "7": {
    "original": 366.91,
    "paquete": 357.74
  },
  "8": {
    "original": 393.01,
    "paquete": 383.18
  },
  "9": {
    "original": 419.11,
    "paquete": 408.63
  },
  "10": {
    "original": 445.21,
    "paquete": 434.08
  },
  "11": {
    "original": 471.31,
    "paquete": 459.53
  },
  "12": {
    "original": 497.41,
    "paquete": 484.97
  },
  "13": {
    "original": 523.51,
    "paquete": 510.42
  },
  "14": {
    "original": 549.61,
    "paquete": 535.87
  },
  "15": {
    "original": 575.71,
    "paquete": 561.32
  },
  "16": {
    "original": 601.81,
    "paquete": 586.76
  },
  "17": {
    "original": 627.91,
    "paquete": 612.21
  },
  "18": {
    "original": 654.01,
    "paquete": 637.66
  },
  "19": {
    "original": 680.11,
    "paquete": 663.11
  },
  "20": {
    "original": 706.21,
    "paquete": 688.55
  },
  "21": {
    "original": 732.31,
    "paquete": 714
  },
  "22": {
    "original": 758.41,
    "paquete": 739.45
  },
  "23": {
    "original": 784.51,
    "paquete": 764.9
  },
  "24": {
    "original": 810.61,
    "paquete": 790.34
  },
  "25": {
    "original": 836.71,
    "paquete": 815.79
  },
  "26": {
    "original": 862.81,
    "paquete": 841.24
  },
  "27": {
    "original": 888.91,
    "paquete": 866.69
  },
  "28": {
    "original": 915.01,
    "paquete": 892.13
  },
  "29": {
    "original": 941.11,
    "paquete": 917.58
  },
  "30": {
    "original": 967.21,
    "paquete": 943.03
  },
  "31": {
    "original": 993.31,
    "paquete": 968.48
  },
  "32": {
    "original": 1019.41,
    "paquete": 993.92
  },
  "33": {
    "original": 1045.51,
    "paquete": 1019.37
  },
  "34": {
    "original": 1071.61,
    "paquete": 1044.82
  },
  "35": {
    "original": 1097.71,
    "paquete": 1070.27
  }
},
"YUC":{
  "1": {
    "original": 210.31,
    "paquete": 205.05
  },
  "2": {
    "original": 293.81,
    "paquete": 286.46
  },
  "3": {
    "original": 377.31,
    "paquete": 367.88
  },
  "4": {
    "original": 460.81,
    "paquete": 449.29
  },
  "5": {
    "original": 544.31,
    "paquete": 530.7
  },
  "6": {
    "original": 627.81,
    "paquete": 612.11
  },
  "7": {
    "original": 711.31,
    "paquete": 693.53
  },
  "8": {
    "original": 794.81,
    "paquete": 774.94
  },
  "9": {
    "original": 878.31,
    "paquete": 856.35
  },
  "10": {
    "original": 961.81,
    "paquete": 937.76
  },
  "11": {
    "original": 1045.31,
    "paquete": 1019.18
  },
  "12": {
    "original": 1128.81,
    "paquete": 1100.59
  },
  "13": {
    "original": 1212.31,
    "paquete": 1182
  },
  "14": {
    "original": 1295.81,
    "paquete": 1263.41
  },
  "15": {
    "original": 1379.31,
    "paquete": 1344.83
  },
  "16": {
    "original": 1462.81,
    "paquete": 1426.24
  },
  "17": {
    "original": 1546.31,
    "paquete": 1507.65
  },
  "18": {
    "original": 1629.81,
    "paquete": 1589.06
  },
  "19": {
    "original": 1713.31,
    "paquete": 1670.48
  },
  "20": {
    "original": 1796.81,
    "paquete": 1751.89
  },
  "21": {
    "original": 1880.31,
    "paquete": 1833.3
  },
  "22": {
    "original": 1963.81,
    "paquete": 1914.71
  },
  "23": {
    "original": 2047.31,
    "paquete": 1996.13
  },
  "24": {
    "original": 2130.81,
    "paquete": 2077.54
  },
  "25": {
    "original": 2214.31,
    "paquete": 2158.95
  },
  "26": {
    "original": 2297.81,
    "paquete": 2240.36
  },
  "27": {
    "original": 2381.31,
    "paquete": 2321.78
  },
  "28": {
    "original": 2464.81,
    "paquete": 2403.19
  },
  "29": {
    "original": 2548.31,
    "paquete": 2484.6
  },
  "30": {
    "original": 2631.81,
    "paquete": 2566.01
  },
  "31": {
    "original": 2715.31,
    "paquete": 2647.43
  },
  "32": {
    "original": 2798.81,
    "paquete": 2728.84
  },
  "33": {
    "original": 2882.31,
    "paquete": 2810.25
  },
  "34": {
    "original": 2965.81,
    "paquete": 2891.66
  },
  "35": {
    "original": 3049.31,
    "paquete": 2973.08
  },
  "36": {
    "original": 3132.81,
    "paquete": 3054.49
  },
  "37": {
    "original": 3216.31,
    "paquete": 3135.9
  },
  "38": {
    "original": 3299.81,
    "paquete": 3217.31
  },
  "39": {
    "original": 3383.31,
    "paquete": 3298.73
  },
  "40": {
    "original": 3466.81,
    "paquete": 3380.14
  },
  "41": {
    "original": 3550.31,
    "paquete": 3461.55
  },
  "42": {
    "original": 3633.81,
    "paquete": 3542.96
  },
  "43": {
    "original": 3717.31,
    "paquete": 3624.38
  },
  "44": {
    "original": 3800.81,
    "paquete": 3705.79
  },
  "45": {
    "original": 3884.31,
    "paquete": 3787.2
  },
  "46": {
    "original": 3967.81,
    "paquete": 3868.61
  },
  "47": {
    "original": 4051.31,
    "paquete": 3950.03
  },
  "48": {
    "original": 4134.81,
    "paquete": 4031.44
  },
  "49": {
    "original": 4218.31,
    "paquete": 4112.85
  },
  "50": {
    "original": 4301.81,
    "paquete": 4194.26
  }
},
"ZAC":{
  "1": {
    "original": 210.31,
    "paquete": 205.05
  },
  "2": {
    "original": 236.41,
    "paquete": 230.5
  },
  "3": {
    "original": 262.51,
    "paquete": 255.95
  },
  "4": {
    "original": 288.61,
    "paquete": 281.39
  },
  "5": {
    "original": 314.71,
    "paquete": 306.84
  },
  "6": {
    "original": 340.81,
    "paquete": 332.29
  },
  "7": {
    "original": 366.91,
    "paquete": 357.74
  },
  "8": {
    "original": 393.01,
    "paquete": 383.18
  },
  "9": {
    "original": 419.11,
    "paquete": 408.63
  },
  "10": {
    "original": 445.21,
    "paquete": 434.08
  },
  "11": {
    "original": 471.31,
    "paquete": 459.53
  },
  "12": {
    "original": 497.41,
    "paquete": 484.97
  },
  "13": {
    "original": 523.51,
    "paquete": 510.42
  },
  "14": {
    "original": 549.61,
    "paquete": 535.87
  },
  "15": {
    "original": 575.71,
    "paquete": 561.32
  },
  "16": {
    "original": 601.81,
    "paquete": 586.76
  },
  "17": {
    "original": 627.91,
    "paquete": 612.21
  },
  "18": {
    "original": 654.01,
    "paquete": 637.66
  },
  "19": {
    "original": 680.11,
    "paquete": 663.11
  },
  "20": {
    "original": 706.21,
    "paquete": 688.55
  },
  "21": {
    "original": 732.31,
    "paquete": 714
  },
  "22": {
    "original": 758.41,
    "paquete": 739.45
  },
  "23": {
    "original": 784.51,
    "paquete": 764.9
  },
  "24": {
    "original": 810.61,
    "paquete": 790.34
  },
  "25": {
    "original": 836.71,
    "paquete": 815.79
  },
  "26": {
    "original": 862.81,
    "paquete": 841.24
  },
  "27": {
    "original": 888.91,
    "paquete": 866.69
  },
  "28": {
    "original": 915.01,
    "paquete": 892.13
  },
  "29": {
    "original": 941.11,
    "paquete": 917.58
  },
  "30": {
    "original": 967.21,
    "paquete": 943.03
  },
  "31": {
    "original": 993.31,
    "paquete": 968.48
  },
  "32": {
    "original": 1019.41,
    "paquete": 993.92
  },
  "33": {
    "original": 1045.51,
    "paquete": 1019.37
  },
  "34": {
    "original": 1071.61,
    "paquete": 1044.82
  },
  "35": {
    "original": 1097.71,
    "paquete": 1070.27
  },
  "36": {
    "original": 1123.81,
    "paquete": 1095.71
  },
  "37": {
    "original": 1149.91,
    "paquete": 1121.16
  },
  "38": {
    "original": 1176.01,
    "paquete": 1146.61
  },
  "39": {
    "original": 1202.11,
    "paquete": 1172.06
  },
  "40": {
    "original": 1228.21,
    "paquete": 1197.5
  },
  "41": {
    "original": 1254.31,
    "paquete": 1222.95
  },
  "42": {
    "original": 1280.41,
    "paquete": 1248.4
  },
  "43": {
    "original": 1306.51,
    "paquete": 1273.85
  },
  "44": {
    "original": 1332.61,
    "paquete": 1299.29
  },
  "45": {
    "original": 1358.71,
    "paquete": 1324.74
  },
  "46": {
    "original": 1384.81,
    "paquete": 1350.19
  },
  "47": {
    "original": 1410.91,
    "paquete": 1375.64
  },
  "48": {
    "original": 1437.01,
    "paquete": 1401.08
  },
  "49": {
    "original": 1463.11,
    "paquete": 1426.53
  },
  "50": {
    "original": 1489.21,
    "paquete": 1451.98
  }
}
}