{
    "packagingType": "document",
    "service": {
        "code": "FEDEX_EXPRESS_SAVER",
        "name": "FEDEX EXPRESS SAVER",
        "service": "fedex",                 
        "delivery": "2018-10-01T21:00:00",                 
        "deliveryHours": 100,                 
        "billingWeight": "0.5",                 
        "total": 144.23,                 
        "currency": "NMP",                 
        "originalAmount": "120.84",                 
        "discountTotal": 144.23,                 
        "negotiated": 158.3,                 
        "qty": 5,                 
        "units": "DÍAS",                 
        "subtotal": 124.34,                 
        "iva": 19.89,                 
        "cardComision": false                 
    },
    "from": {
        "name": "Prueba Prueba",
        "company": "Prueba",
        "phone": "5548484848",
        "country": {
            "code": "mx",
            "name": "méxico"
        },
        "street": "prueba 101",
        "number": "142",
        "county": "Ciudad de México",
        "city": "CDMX",
        "state": "Ciudad de Mexico",
        "zip": "15510"
    },
    "to": {
        "name": "Prueba Prueba",
        "company": "Prueba",
        "phone": "5548484848",
        "country": {
            "code": "mx",
            "name": "méxico"
        },
        "street": "prueba 101",
        "number": "142",
        "county": "Ciudad de México",
        "city": "CDMX",
        "state": "Mexico",
        "zip": "55737",
        "reference": "ghjkpo"
    },
    "packages": [
        {
            "weight": "0.5",
            "width": "38",
            "length": "24",
            "height": "5"
        }
    ],
    "content": "asdfgh",
    "estimated_value": "123",
    "RFCReceptor": "XAXX010101000",
    "RazonSocialReceptor": "PÚBLICO EN GENERAL"
}