{
	"$schema" : "http://json-schema.org/draft-07/schema#",
	"title" : "Ship Schema",
	"type" : "object",
	"properties" : {
		"service": {
			"type": "object",
			"properties": {
				"code": {
					"type": "string"
				},
				"name": {
					"type": "string"
				}
			},
			"required": ["code", "name"]
		},
		"packagingType": {
			"type": "string",
			"enum": ["document", "package"]
		},
		"from": {
			"type": "object",
			"properties": {
				"name": {
					"type": "string"
				},
				"company": {
					"type": "string"
				},
				"phone": {
					"type": "string"
				},
				"email": {
					"type": "string"
				},
				"country": {
					"type": "object",
					"properties": {
						"code": {
							"type": "string"
						},
						"name": {
							"type": "string"
						}
					},
					"required": ["code", "name"]
				},
				"street": {
					"type": "string"
				},
				"number": {
					"type": "string"
				},
				"county": {
					"type": "string"
				},
				"city": {
					"type": "string"
				},
				"state": {
					"type": "string"
				},
				"zip": {
					"type": "string"
				},
				"reference": {
					"type": "string"
				}
			},
			"required": ["name", "company", "phone", "email", "country", "street", "number", "county", "city", "state", "zip"]
		},
		"to": {
			"type": "object",
			"properties": {
				"name": {
					"type": "string"
				},
				"company": {
					"type": "string"
				},
				"phone": {
					"type": "string"
				},
				"email": {
					"type": "string"
				},
				"country": {
					"type": "object",
					"properties": {
						"code": {
							"type": "string"
						},
						"name": {
							"type": "string"
						}
					},
					"required": ["code", "name"]
				},
				"street": {
					"type": "string"
				},
				"number": {
					"type": "string"
				},
				"county": {
					"type": "string"
				},
				"city": {
					"type": "string"
				},
				"state": {
					"type": "string"
				},
				"zip": {
					"type": "string"
				},
				"reference": {
					"type": "string"
				}
			},
			"required": ["name", "company", "phone", "country", "street", "number", "county", "city", "state", "zip", "reference"]
		},
		"packages": {
			"type": "array",
			"items": {
				"type": "object",
				"properties": {
					"weight": {
					    "type": ["string", "integer"]
					},
					"width" : {
					    "type": ["string", "integer"]
					},
					"length": {
					    "type": ["string", "integer"]
					},
					"height": {
					    "type": ["string", "integer"]
					}
				},
				"required": ["weight", "width", "length", "height"]
			}			
		},
		"content": {
			"type": "string"
		},
		"estimated_value": {
			"type": ["string", "integer"]
		}
	},
	"required": ["service", "packagingType", "from", "to", "packages"]
}